|Utility Characteristics..Data Year|,|Utility Characteristics..Utility Number|,|Utility Characteristics..Utility Name|,|Utility Characteristics..State|,|Utility Characteristics..BA Code|,|Yearly Energy and Demand Savings.Number of Customers Enrolled.Residential|,|Yearly Energy and Demand Savings.Number of Customers Enrolled.Commercial|,|Yearly Energy and Demand Savings.Number of Customers Enrolled.Industrial|,|Yearly Energy and Demand Savings.Number of Customers Enrolled.Transportation|,|Yearly Energy and Demand Savings.Number of Customers Enrolled.Total|,|Yearly Energy and Demand Savings.Energy Savings (MWh).Residential|,|Yearly Energy and Demand Savings.Energy Savings (MWh).Commercial|,|Yearly Energy and Demand Savings.Energy Savings (MWh).Industrial|,|Yearly Energy and Demand Savings.Energy Savings (MWh).Transportation|,|Yearly Energy and Demand Savings.Energy Savings (MWh).Total|,|Yearly Energy and Demand Savings.Potential Peak Demand Savings (MW).Residential|,|Yearly Energy and Demand Savings.Potential Peak Demand Savings (MW).Commercial|,|Yearly Energy and Demand Savings.Potential Peak Demand Savings (MW).Industrial|,|Yearly Energy and Demand Savings.Potential Peak Demand Savings (MW).Transportation|,|Yearly Energy and Demand Savings.Potential Peak Demand Savings (MW).Total|,|Yearly Energy and Demand Savings.Actual Peak Demand Savings (MW).Residential|,|Yearly Energy and Demand Savings.Actual Peak Demand Savings (MW).Commercial|,|Yearly Energy and Demand Savings.Actual Peak Demand Savings (MW).Industrial|,|Yearly Energy and Demand Savings.Actual Peak Demand Savings (MW).Transportation|,|Yearly Energy and Demand Savings.Actual Peak Demand Savings (MW).Total|,|Program Costs.Customer Incentives (Thousand Dollars).Residential|,|Program Costs.Customer Incentives (Thousand Dollars).Commercial|,|Program Costs.Customer Incentives (Thousand Dollars).Industrial|,|Program Costs.Customer Incentives (Thousand Dollars).Transportation|,|Program Costs.Customer Incentives (Thousand Dollars).Total|,|Program Costs.All Other Costs (Thousand Dollars).Residential|,|Program Costs.All Other Costs (Thousand Dollars).Commercial|,|Program Costs.All Other Costs (Thousand Dollars).Industrial|,|Program Costs.All Other Costs (Thousand Dollars).Transportation|,|Program Costs.All Other Costs (Thousand Dollars).Total|,|DSM Program.Grid Connected.Water Heater|
2016,84,A & N Electric Coop,MD,35,.,.,.,35,1,.,.,.,1,0.5,.,.,.,0.5,0.4,.,.,.,0.4,0,.,.,.,0,1,.,.,.,1,.
2016,84,A & N Electric Coop,VA,2471,.,.,.,2471,110,.,.,.,110,2,.,.,.,2,1,.,.,.,1,0,.,.,.,0,15,.,.,.,15,.
2016,97,Adams Electric Coop,IL,4263,67,.,.,4330,.,.,.,.,.,4,4,.,.,8,4,.,.,.,4,68,.,.,.,68,9,.,.,.,9,43
2016,108,Adams-Columbia Electric Coop,WI,3906,.,951,.,4857,1400,.,14681,.,16081,19.7,.,61.8,.,81.5,5.9,.,9.9,.,15.8,295,.,1,.,296,61,.,94,.,155,0
2016,189,PowerSouth Energy Cooperative,AL,17284,.,.,.,17284,0,.,.,.,0,15,.,.,.,15,15,.,.,.,15,0,.,.,.,0,539,.,.,.,539,2259
2016,195,Alabama Power Co,AL,12232,63,168,0,12463,316,2621,2230,0,5167,215,7,1403,0,1625,6.6,6,21.9,0,34.5,0,0,0,0,0,1287,1536,23436,0,26259,.
2016,213,Alaska Electric Light&Power Co,AK,2358,44,1,.,2403,.,.,.,.,.,5,13,9,.,27,0,13,9,.,22,65,1,.,.,66,31,.,.,.,31,0
2016,295,City of Alexandria - (MN),MN,2816,.,.,.,2816,.,.,.,.,.,9,.,.,.,9,3.7,.,.,.,3.7,5,.,.,.,5,38,.,.,.,38,12
2016,329,"Allamakee-Clayton El Coop, Inc",IA,2659,163,.,.,2822,0,0,.,.,0,4.9,1.8,.,.,6.7,2.6,1,.,.,3.6,314,118,.,.,432,113,43,.,.,156,.
2016,407,Altamaha Electric Member Corp,GA,.,.,203,.,203,.,.,0,.,0,.,.,14.8,.,14.8,.,.,14.8,.,14.8,.,.,0,.,0,.,.,30,.,30,.
2016,590,City of Anaheim - (CA),CA,.,3,11,.,14,.,.,.,.,.,.,5,8,.,13,.,.,.,.,.,.,.,.,.,.,.,.,.,.,.,.
2016,733,Appalachian Power Co,VA,3406,0,5,0,3411,0,0,0,0,0,3.4,0,33.5,0,36.9,3.4,0,0,0,3.4,0,0,0,0,0,0,0,0,0,0,.
2016,733,Appalachian Power Co,WV,1420,0,5,0,1425,1,0,0,0,1,1.4,0,93.7,0,95.1,1.4,0,0,0,1.4,0,0,0,0,0,0,0,0,0,0,.
2016,803,Arizona Public Service Co,AZ,573415,903,.,.,574318,791576,121808,.,.,913384,178.9,27.8,.,.,206.7,178.9,27.8,.,.,206.7,0,0,.,.,0,1845,.,.,.,1845,.
2016,807,Arkansas Electric Coop Corp,AR,.,8,.,.,8,.,.,.,.,.,.,628,.,.,628,.,80,.,.,80,.,27509,.,.,27509,.,.,.,.,.,.
2016,814,Entergy Arkansas Inc,AR,23613,.,1547,.,25160,52172,.,0,.,52172,28.1,.,17,.,45.1,28.1,.,17,.,45.1,764,.,331,.,1095,2986,.,3248,.,6234,.
2016,828,City of Arlington - (MN),MN,444,33,0,0,477,.,.,.,.,.,.,.,.,.,.,.,.,.,.,.,11,1,.,.,12,.,.,.,.,.,.
2016,963,Atlantic City Electric Co,NJ,46449,.,.,.,46449,205,.,.,.,205,51.2,.,.,.,51.2,51.2,.,.,.,51.2,145,.,.,.,145,1868,.,.,.,1868,.
2016,965,Atlantic Municipal Utilities,IA,327,33,.,.,360,25,14,.,.,39,0.5,0.1,.,.,0.6,0.5,0.1,.,.,0.6,8,1,.,.,9,5,0,.,.,5,.
2016,1009,City of Austin - (MN),MN,6542,2,.,.,6544,304,6,.,.,310,3.5,0.4,.,.,3.9,3.5,0.4,.,.,3.9,0,17,.,.,17,.,.,.,.,.,.
2016,1015,Austin Energy,TX,128501,8825,2942,.,140268,61,205,68,.,334,60.9,50.5,16.3,.,127.7,35.3,35.4,11.2,.,81.9,1383,357,119,.,1859,1014,1070,356,.,2440,1973
2016,1167,Baltimore Gas & Electric Co,MD,332684,.,.,.,332684,2302,.,.,.,2302,378.2,.,.,.,378.2,0,.,.,.,0,23366,.,.,.,23366,10994,.,.,.,10994,.
2016,1233,City of Barnesville - (MN),MN,872,60,0,.,932,9,.,.,.,9,1,.,.,.,1,1,.,.,.,1,11,.,.,.,11,10,.,.,.,10,.
2016,1251,Barron Electric Coop,WI,6067,359,.,.,6426,.,.,.,.,.,3.5,10.8,.,.,14.3,1.6,4.9,.,.,6.5,8,24,.,.,32,22,68,.,.,90,.
2016,1367,"Bayfield Electric Coop, Inc",WI,1201,6,.,.,1207,398,0,.,.,398,2,0,.,.,2,2,0,.,.,2,44,0,.,.,44,9,0,.,.,9,.
2016,1529,"Beltrami Electric Coop, Inc",MN,7760,28,0,0,7788,5002,.,.,.,5002,221.9,3.9,.,.,225.8,27.4,3.9,.,.,31.3,35,0,0,0,35,272,0,0,0,272,0
2016,1573,City of Benson - (MN),MN,966,35,.,.,1001,.,.,.,.,.,3.4,0.4,.,.,3.8,2.6,0.4,.,.,3,2,.,.,.,2,8,.,.,.,8,.
2016,1613,Berkeley Electric Coop Inc,SC,18250,.,.,.,18250,0,.,.,.,0,81,.,.,.,81,16.2,.,.,.,16.2,154,.,.,.,154,259,.,.,.,259,.
2016,1769,"Black Hills Electric Coop, Inc",SD,183,8,0,0,191,.,.,.,.,.,.,.,.,.,.,.,.,.,.,.,.,.,.,.,.,.,.,.,.,.,.
2016,1883,Blue Earth Light & Water,MN,508,.,.,.,508,27,.,.,.,27,4,.,.,.,4,1,.,.,.,1,38,.,.,.,38,.,.,.,.,.,.
2016,2182,City of Breckenridge- (MN),MN,652,90,0,0,742,1,1,0,0,2,1,1,0,0,2,1,1,0,0,2,8,22,0,0,30,0,0,0,0,0,.
2016,2192,Bremen Electric Light & Power Co,IN,.,.,1,.,1,.,.,.,.,.,.,.,4.2,.,4.2,.,.,3.5,.,3.5,.,.,42,.,42,.,.,.,.,.,.
2016,2599,Burt County Public Power Dist,NE,.,.,359,.,359,.,.,215,.,215,.,.,15,.,15,.,.,3,.,3,.,.,.,.,.,.,.,4,.,4,.
2016,2641,"Butler Rural El Coop Assn, Inc - (KS)",KS,6585,776,4,.,7365,.,.,.,.,.,2.6,0.4,1,.,4,1.8,0.2,0.5,.,2.5,0,0,0,.,0,0,0,0,.,0,.
2016,2643,Butler Public Power District - (NE),NE,.,.,741,.,741,.,.,993,.,993,.,.,17.8,.,17.8,.,.,8.3,.,8.3,.,.,.,.,.,.,.,4,.,4,.
2016,2655,"Butte Electric Coop, Inc",SD,1438,.,.,.,1438,948,.,.,.,948,8,.,.,.,8,3,.,.,.,3,3,.,.,.,3,8,.,.,.,8,1438
2016,2678,C & L Electric Coop Corp,AR,.,83,.,.,83,.,.,.,.,.,.,2,.,.,2,.,1,.,.,1,.,32,.,.,32,.,2,.,.,2,.
2016,2985,"Capital Electric Coop, Inc",ND,836,10,21,.,867,.,.,.,.,.,0.8,0,1.6,.,2.4,0.7,0,1.6,.,2.3,44,1,74,.,119,171,2,4,.,177,.
2016,3046,Duke Energy Progress - (NC),NC,7252,50,52,.,7354,.,.,.,.,.,10.3,19.2,140.6,.,170.1,.,.,.,.,.,3096,767,.,.,3863,6771,397,.,.,7168,.
2016,3046,Duke Energy Progress - (NC),SC,.,1,20,.,21,.,.,.,.,.,.,0.2,90.7,.,90.9,.,.,.,.,.,540,134,.,.,674,1181,69,.,.,1250,.
2016,3081,Carroll Electric Member Corp - (GA),GA,4466,.,29,.,4495,18,.,324,.,342,0.7,.,12,.,12.7,0.7,.,12,.,12.7,55,.,756,.,811,.,.,.,.,.,.
2016,3203,Cedar Falls Utilities,IA,485,1,.,.,486,9,7,.,.,16,.,.,.,.,.,.,.,.,.,.,.,1,.,.,1,6,1,.,.,7,.
2016,3205,Cedar-Knox Public Power Dist,NE,148,86,0,0,234,2855,3271,0,0,6126,.,.,.,.,.,.,.,.,.,.,15,4,0,0,19,7,7,0,.,14,.
2016,3222,Central Alabama Electric Coop,AL,534,.,.,.,534,6,.,.,.,6,5.5,.,.,.,5.5,4.9,.,.,.,4.9,0,.,.,.,0,40,.,.,.,40,.
2016,3248,Central Georgia El Member Corp,GA,4272,.,.,.,4272,210,.,.,.,210,5,.,.,.,5,3,.,.,.,3,89,.,.,.,89,42,.,.,.,42,10
2016,3249,Central Hudson Gas & Elec Corp,NY,1395,160,18,.,1573,9,1,130,.,140,1.9,0.2,7.7,.,9.8,1.2,0.1,7.7,.,9,.,.,.,.,.,.,.,.,.,.,.
2016,3258,Central Iowa Power Cooperative,IA,.,7,10,.,17,.,.,.,.,.,.,5,4.6,.,9.6,.,.,.,.,.,.,.,.,.,.,.,.,.,.,.,.
2016,3278,AEP Texas Central Company,TX,0,42,0,0,42,0,0,0,0,0,0,17.6,0,0,17.6,0,10.7,0,0,10.7,0,0,0,0,0,0,0,0,0,0,.
2016,3279,"Central Power Elec Coop, Inc",ND,.,.,.,.,.,1400,2329,.,.,3729,6.7,5.7,.,.,12.4,6.7,5.7,.,.,12.4,.,.,.,.,.,127,174,14,.,315,.
2016,3293,Central Wisconsin Elec Coop,WI,1699,132,.,.,1831,400,300,.,.,700,4,5,.,.,9,2,2,.,.,4,234,209,.,.,443,.,.,.,.,.,.
2016,3329,Borough of Chambersburg,PA,.,.,5,.,5,.,.,.,.,.,.,.,0.3,.,0.3,.,.,0.3,.,0.3,.,.,.,.,.,.,.,1407,.,1407,.
2016,3478,Cimarron Electric Coop,OK,.,300,.,.,300,.,1,.,.,1,.,0.5,.,.,0.5,.,0.1,.,.,0.1,.,.,.,.,.,.,500,.,.,500,.
2016,3498,Chippewa Valley Electric Coop,WI,3846,51,0,0,3897,.,.,.,.,.,8,0,0,0,8,4,0,0,0,4,437,1,0,0,438,53,0,0,0,53,8
2016,3502,"Choctawhatche Elec Coop, Inc",FL,42629,6044,.,.,48673,0,0,.,.,0,32,10,.,.,42,32,10,.,.,42,39,.,.,.,39,5,1,.,.,6,553
2016,3503,"Choptank Electric Coop, Inc",MD,0,235,9,0,244,0,0,0,0,0,0,55.5,50.7,0,106.2,0,34.6,38.5,0,73.1,0,0,0,0,0,0,9,0,0,9,0
2016,3542,Duke Energy Ohio Inc,OH,45509,21,19,.,45549,.,.,.,.,.,67.8,25.7,32.8,.,126.3,.,.,.,.,.,490,2887,.,.,3377,578,0,.,.,578,.
2016,3701,Clark Electric Coop - (WI),WI,2337,426,.,.,2763,.,.,.,.,.,1,1.5,.,.,2.5,0.9,1.5,.,.,2.4,78,120,.,.,198,11,8,.,.,19,.
2016,3755,Cleveland Electric Illum Co,OH,7090,0,4,0,7094,36,0,0,0,36,4.5,0,189.7,0,194.2,4.4,0,0,0,4.4,78,0,9,0,87,456,0,0,0,456,0
2016,3757,"Clay Electric Cooperative, Inc",FL,.,4,.,.,4,.,.,.,.,.,.,.,.,.,.,.,.,.,.,.,.,.,.,.,.,.,.,.,.,.,.
2016,3764,Clearwater-Polk Elec Coop Inc,MN,1768,6,.,.,1774,242,13,.,.,255,33,0.5,.,.,33.5,8.9,0.5,.,.,9.4,814,.,.,.,814,11,.,.,.,11,0
2016,3844,"Coastal Electric Coop, Inc",SC,815,0,0,0,815,8,0,0,0,8,0.7,0,0,0,0.7,0.7,0,0,0,0.7,0,0,0,0,0,6,0,0,0,6,10
2016,3931,Coles-Moultrie Electric Coop,IL,4593,103,8,.,4704,.,.,.,.,.,0.5,0.5,0.5,.,1.5,.,.,.,.,.,.,.,.,.,.,.,.,.,.,.,.
2016,3989,City of Colorado Springs - (CO),CO,1205,0,0,0,1205,0,0,0,0,0,0.7,0,0,0,0.7,0.2,0,0,0,0.2,11,0,0,0,11,266,0,0,0,266,.
2016,4045,City of Columbia - (MO),MO,14387,734,11,.,15132,.,.,.,.,.,24,4,3.4,.,31.4,.,.,.,.,.,195,48,0,.,243,.,.,.,.,.,.
2016,4065,City of Columbus - (OH),OH,0,3,14,0,17,.,.,.,.,.,.,0.6,12.3,.,12.9,.,.,.,.,.,.,.,.,.,.,.,.,.,.,.,.
2016,4110,Commonwealth Edison Co,IL,78300,1740,1460,0,81500,157,.,.,.,157,78.3,334,829,0,1241.3,78.3,.,.,.,78.3,2576,.,.,.,2576,1800,52,54,0,1906,.
2016,4117,Community Electric Coop,VA,1571,.,3,.,1574,.,.,.,.,.,1.8,.,3,.,4.8,1,.,3,.,4,38,.,78,.,116,13,.,2,.,15,0
2016,4147,Town of Concord - (MA),MA,490,6,.,.,496,.,.,.,.,.,6.8,1,.,.,7.8,6.8,1,.,.,7.8,2,0,.,.,2,.,.,.,.,.,5
2016,4176,Connecticut Light & Power Co,CT,.,66,47,.,113,.,.,.,.,.,.,30.9,71.6,.,102.5,.,19.1,17,.,36.1,.,792,702,.,1494,859,513,455,.,1827,0
2016,4226,Consolidated Edison Co-NY Inc,NY,25920,1078,.,.,26998,603,2622,.,.,3225,35,195,.,.,230,25,180,.,.,205,348,43474,.,.,43822,9987,1346,.,.,11333,.
2016,4254,Consumers Energy Co,MI,1545,.,17,.,1562,.,.,.,.,.,.,.,62.2,.,62.2,.,.,.,.,.,59,.,3734,.,3793,.,.,.,.,.,.
2016,4362,Corn Belt Energy Corporation,IL,.,59,.,.,59,.,.,.,.,.,.,4.5,.,.,4.5,.,4.5,.,.,4.5,.,1077,.,.,1077,.,.,.,.,.,.
2016,4363,Corn Belt Power Coop,IA,5888,0,3,0,5891,0,0,0,0,0,67,0,42,0,109,60.4,0,24.7,0,85.1,0,0,0,0,0,0,0,0,0,0,292
2016,4430,"Covington Electric Coop, Inc",AL,1954,.,.,.,1954,.,.,.,.,.,1,.,.,.,1,.,.,.,.,.,.,.,.,.,.,.,.,.,.,.,225
2016,4432,Coweta-Fayette El Member Corp,GA,11610,.,.,.,11610,277,.,.,.,277,15,.,.,.,15,8,.,.,.,8,116,.,.,.,116,.,.,.,.,.,.
2016,4509,Craighead Electric Coop Corp,AR,.,600,48,.,648,.,.,.,.,.,.,19.6,1.2,.,20.8,.,7.5,1.2,.,8.7,.,.,.,.,.,.,596,33,.,629,.
2016,4538,Crisp County Power Comm,GA,.,.,2,.,2,.,.,.,.,.,.,.,12,.,12,.,.,10,.,10,.,.,.,.,.,.,.,.,.,.,.
2016,4675,Cuivre River Electric Coop Inc,MO,432,24,.,.,456,.,.,.,.,.,1,8.8,.,.,9.8,1,5.9,.,.,6.9,20,.,.,.,20,3,.,.,.,3,.
2016,4704,"DS&O Electric Cooperative, Inc.",KS,124,45,.,.,169,.,.,.,.,.,0.3,1.8,.,.,2.1,0.3,1.5,.,.,1.8,5,24,.,.,29,10,10,.,.,20,.
2016,4794,City of Danville - (VA),VA,0,3,2,0,5,0,0,0,0,0,0,1.9,3,0,4.9,0,1.5,2.6,0,4.1,0,22,34,0,56,0,0,0,0,0,.
2016,4911,Dawson Power District,NE,0,0,4449,0,4449,0,0,0,0,0,0,0,87.1,0,87.1,0,0,59.1,0,59.1,0,0,0,0,0,0,0,144,0,144,.
2016,5027,Delmarva Power,DE,248000,.,.,.,248000,2083,.,.,.,2083,43.4,.,.,.,43.4,43.4,.,.,.,43.4,575,.,.,.,575,5166,.,.,.,5166,.
2016,5027,Delmarva Power,MD,165000,755,.,.,165755,3780,224,.,.,4004,33,4.7,.,.,37.7,33,4.7,.,.,37.7,1878,207,.,.,2085,2639,267,.,.,2906,.
2016,5056,City of Denison - (IA),IA,2431,156,19,.,2606,27,9,0,.,36,1.5,0.3,0,.,1.8,1.5,0.3,0,.,1.8,78,7,21,.,106,3,1,2,.,6,.
2016,5070,Delaware Electric Cooperative,DE,21862,1117,.,.,22979,0,0,.,.,0,11.8,15.2,.,.,27,9.8,14.2,.,.,24,433,.,.,.,433,38,.,.,.,38,.
2016,5078,"Denton County Elec Coop, Inc",TX,5802,.,.,.,5802,16,.,.,.,16,13,.,.,.,13,8,.,.,.,8,887,.,.,.,887,255,.,.,.,255,.
2016,5109,DTE Electric Company,MI,326492,2169,272,.,328933,180,.,.,.,180,147,156,342,.,645,60,.,.,.,60,.,.,.,.,.,400,.,.,.,400,.
2016,5111,City of Detroit Lakes - (MN),MN,1051,100,11,.,1162,251,3,0,.,254,1.5,0.2,0,.,1.7,0.3,0,0,.,0.3,250,80,8,.,338,98,11,1,.,110,.
2016,5335,City of Dover - (DE),DE,.,2,2,.,4,.,.,.,.,.,.,3,4,.,7,.,2,3,.,5,.,38,116,.,154,.,.,.,.,.,.
2016,5336,City of Dover - (OH),OH,.,.,8,.,8,.,.,3,.,3,.,.,3,.,3,.,.,3,.,3,.,.,58,.,58,.,.,.,.,.,.
2016,5416,"Duke Energy Carolinas, LLC",NC,140018,83,114,.,140215,0,0,0,.,0,308.8,74.8,250,.,633.6,0,0,0,.,0,4464,9783,.,.,14247,5480,561,.,.,6041,.
2016,5416,"Duke Energy Carolinas, LLC",SC,49318,16,42,.,49376,0,0,0,.,0,111.1,20.6,134.5,.,266.2,0,0,0,.,0,1651,3618,.,.,5269,2027,208,.,.,2235,.
2016,5417,Dunn County Electric Coop,WI,3553,361,.,.,3914,.,.,.,.,.,1.7,14.3,.,.,16,0.7,5.5,.,.,6.2,13,113,.,.,126,11,92,.,.,103,0
2016,5480,Town of Danvers,MA,1230,74,5,.,1309,3,4,1,.,8,0.3,0.7,0.2,.,1.2,0.3,0.7,0.2,.,1.2,29,0,14,.,43,2,50,14,.,66,.
2016,5552,"East River Elec Pwr Coop, Inc",SD,.,.,.,.,.,.,.,.,.,.,34,.,42,.,76,34,.,42,.,76,0,.,0,.,0,1415,.,354,.,1769,609
2016,5575,City of East Grand Forks - (MN),MN,861,68,.,.,929,785,1185,.,.,1970,4,2,.,.,6,2,2,.,.,4,41,2,.,.,43,23,23,.,.,46,.
2016,5580,"East Kentucky Power Coop, Inc",KY,2282,0,2,0,2284,16,0,0,0,16,1.7,0,7.6,0,9.3,1.7,0,7.6,0,9.3,580,0,470,0,1050,1175,0,0,0,1175,865
2016,5632,Eau Claire Electric Coop,WI,5274,181,0,0,5455,0,0,0,0,0,2.5,9.4,0,0,11.9,1.2,4.7,0,0,5.9,121,463,0,0,584,16,62,0,0,78,37
2016,5701,El Paso Electric Co,NM,0,0,3,0,3,0,0,0,0,0,0,0,0,0,0,0,0,0,0,0,0,0,0,0,0,0,0,0,0,0,.
2016,5701,El Paso Electric Co,TX,0,5,12,0,17,0,10,13,0,23,0,3.2,4.4,0,7.6,0,3.2,4.4,0,7.6,0,148,176,0,324,0,0,0,0,0,.
2016,5780,Elkhorn Rural Public Pwr Dist,NE,0,0,1258,0,1258,0,0,0,0,0,0,0,35.6,0,35.6,0,0,35.6,0,35.6,0,0,0,0,0,0,0,131,0,131,.
2016,5860,Empire District Electric Co,MO,.,.,2,.,2,.,.,.,.,.,.,.,0.8,.,0.8,.,.,0,.,0,.,.,12,.,12,.,.,.,.,.,.
2016,5880,"Energy Coop of New York, Inc",NY,.,3,.,.,3,.,.,.,.,.,.,9.5,.,.,9.5,.,9.5,.,.,9.5,.,.,.,.,.,.,.,.,.,.,.
2016,5905,Excelsior Electric Member Corp,GA,330,0,222,0,552,13,0,157,0,170,0.7,0,9,0,9.7,0.2,0,2.2,0,2.4,0,0,0,0,0,0,0,16,0,16,.
2016,5964,"Escambia River Elec Coop, Inc",FL,740,.,.,.,740,75,.,.,.,75,3,.,.,.,3,2,.,.,.,2,88,.,.,.,88,99,.,.,.,99,.
2016,6151,Fairmont Public Utilities Comm,MN,3120,812,1,0,3933,36,9,0,0,45,1.3,0.3,0.1,0,1.7,0.4,0.3,0,0,0.7,0,0,1,0,1,1,1,1,0,3,0
2016,6169,Fall River Rural Elec Coop Inc,ID,.,9,.,.,9,.,11,.,.,11,.,5.6,.,.,5.6,.,2.8,.,.,2.8,.,4,.,.,4,.,7,.,.,7,.
2016,6181,"Farmers Electric Coop, Inc - (MO)",MO,3933,24,1,.,3958,272,15,0,.,287,5.2,1,1,.,7.2,3.9,0,0,.,3.9,16,.,.,.,16,17,1,.,.,18,0
2016,6342,First Electric Coop Corp,AR,6233,0,611,0,6844,117,0,727,0,844,6,0,71,0,77,2,0,12,0,14,175,0,3429,0,3604,5,0,5,0,10,.
2016,6395,Flathead Electric Coop Inc,MT,1250,.,.,.,1250,.,.,.,.,.,10.6,.,.,.,10.6,2.8,.,.,.,2.8,51,.,.,.,51,196,.,.,.,196,.
2016,6411,Flint Electric Membership Corp,GA,21062,404,546,.,22012,337,17,708,.,1062,15,0.6,31,.,46.6,5.7,0.3,12,.,18,330,2,103,.,435,295,2,11,.,308,.
2016,6431,"Flint Hills Rural E C A, Inc",KS,324,28,15,.,367,.,.,.,.,.,0.4,0.3,0.3,.,1,0.4,0.3,0.3,.,1,18,18,20,.,56,2,2,1,.,5,.
2016,6443,"Florida Keys El Coop Assn, Inc",FL,2383,1187,.,.,3570,2,1,.,.,3,.,.,.,.,.,.,.,.,.,.,70,35,.,.,105,.,.,.,.,.,.
2016,6452,Florida Power & Light Co,FL,785068,21826,.,.,806894,1092,6331,.,.,7423,896,811,.,.,1707,0,0,.,.,0,36083,62518,.,.,98601,15434,5459,.,.,20893,.
2016,6455,"Duke Energy Florida, LLC",FL,411685,638,.,.,412323,.,.,.,.,.,640,337,.,.,977,.,.,.,.,.,23941,39069,.,.,63010,21033,434,.,.,21467,.
2016,6604,City of Fort Collins - (CO),CO,4448,0,0,0,4448,0,0,0,0,0,3.8,0,0,0,3.8,2.2,0,0,0,2.2,113,0,0,0,113,549,0,0,0,549,.
2016,6640,Four County Elec Member Corp,NC,.,.,4,.,4,.,.,620,.,620,.,.,70,.,70,.,.,32,.,32,.,.,1676,.,1676,.,.,.,.,.,.
2016,6782,Freeborn-Mower Coop Services,MN,1709,34,0,0,1743,0,0,0,0,0,3.5,7.9,0,0,11.4,1.6,3.6,0,0,5.2,62,142,0,0,204,19,43,0,0,62,0
2016,6958,City of Garland - (TX),TX,0,5,0,0,5,0,7,0,0,7,0,11,0,0,11,0,.,0,0,0,0,441,0,0,441,0,0,0,0,0,.
2016,7004,"Buckeye Power, Inc",OH,119296,40,.,.,119336,2280,492,.,.,2772,32.6,6,.,.,38.6,32.6,6,.,.,38.6,169,0,.,.,169,60,0,.,.,60,.
2016,7090,GreyStone Power Corporation,GA,.,22,38,.,60,.,16,189,.,205,.,0.8,9.4,.,10.2,.,.,.,.,.,.,.,.,.,.,.,.,.,.,.,.
2016,7140,Georgia Power Co,GA,52040,8,55,.,52103,.,.,.,.,.,102,6,228,.,336,.,.,.,.,.,.,131,8571,.,8702,1157,12,76,.,1245,.
2016,7294,City of Glendale - (CA),CA,40000,0,0,0,40000,34,0,0,0,34,8.2,0,0,0,8.2,8.2,0,0,0,8.2,50,0,0,0,50,0,0,0,0,0,0
2016,7349,"Golden Spread Electric Cooperative, Inc",OK,.,1,.,.,1,.,0,.,.,0,.,2,.,.,2,.,0,.,.,0,.,89,.,.,89,.,0,.,.,0,.
2016,7349,"Golden Spread Electric Cooperative, Inc",TX,.,.,3773,.,3773,.,.,0,.,0,.,.,52.6,.,52.6,.,.,0,.,0,.,.,2328,.,2328,.,.,10,.,10,.
2016,7489,Grand Rapids Public Util Comm,MN,1013,58,.,.,1071,6,2,.,.,8,5.1,1.3,.,.,6.4,2.1,0.6,.,.,2.7,42,1,.,.,43,2,0,.,.,2,0
2016,7490,Grand River Dam Authority,OK,.,.,1,.,1,.,.,0,.,0,.,.,14.5,.,14.5,.,.,12,.,12,.,.,.,.,.,.,.,.,.,.,.
2016,7570,Great River Energy,MN,286404,5197,.,.,291601,17006,5574,.,.,22580,186,204,.,.,390,176,204,.,.,380,943,193,.,.,1136,4831,502,.,.,5333,974
2016,7601,Green Mountain Power Corp,VT,15209,329,1,.,15539,.,.,.,.,.,4,5,10,.,19,4,3,8,.,15,380,103,203,.,686,.,.,.,.,.,.
2016,7634,City of Greenville - (TX),TX,.,2,.,.,2,.,0,.,.,0,.,.,.,.,.,.,.,.,.,.,.,0,.,.,0,.,.,.,.,.,.
2016,7720,"Grundy Electric Coop, Inc",MO,2300,190,.,.,2490,0,0,.,.,0,1.5,0.5,.,.,2,0.8,0.2,.,.,1,14,.,.,.,14,5,2,.,.,7,.
2016,7785,"Gulf Coast Electric Coop, Inc",FL,815,.,.,.,815,1,.,.,.,1,1.1,.,.,.,1.1,1.1,.,.,.,1.1,1,.,.,.,1,.,.,.,.,.,.
2016,7801,Gulf Power Co,FL,17720,68,65,0,17853,12258,0,0,0,12258,26.8,57.1,266.5,0,350.4,26.8,57.1,266.5,0,350.4,453,10,0,0,463,7881,1204,0,0,9085,.
2016,7977,City of Hamilton - (OH),OH,.,2,.,.,2,.,2,.,.,2,.,1.3,.,.,1.3,.,1.3,.,.,1.3,.,0,.,.,0,.,0,.,.,0,.
2016,8179,Harrison County Rural E M C,IN,105,11,.,.,116,.,.,.,.,.,1,.,.,.,1,.,.,.,.,.,.,.,.,.,.,.,.,.,.,.,1
2016,8210,Hart Electric Member Corp,GA,28081,7618,.,.,35699,156,39,.,.,195,2.4,0.6,.,.,3,2.4,0.6,.,.,3,.,.,.,.,.,.,.,.,.,.,.
2016,8288,City of Hawarden - (IA),IA,223,.,.,.,223,1,.,.,.,1,1,.,.,.,1,.,.,.,.,.,.,.,.,.,.,3,.,.,.,3,.
2016,8298,Hawkeye Tri-County El Coop Inc,IA,2768,265,.,.,3033,.,.,.,.,.,1.2,4.4,.,.,5.6,0.8,2.8,.,.,3.6,37,136,.,.,173,45,162,.,.,207,0
2016,8319,Heartland Power Coop,IA,2842,101,1,0,2944,0,0,0,0,0,1.2,10.2,0.1,0,11.5,1.1,9.9,0.1,0,11.1,0,0,0,0,0,9,82,1,0,92,0
2016,8333,Haywood Electric Member Corp,NC,2132,.,.,.,2132,1,.,.,.,1,1,.,.,.,1,1,.,.,.,1,3587,.,.,.,3587,.,.,.,.,.,.
2016,8570,Highline Electric Assn,CO,.,.,190,.,190,.,.,.,.,.,.,.,11.8,.,11.8,.,.,.,.,.,.,.,119,.,119,.,.,36,.,36,.
2016,8570,Highline Electric Assn,NE,.,.,216,.,216,.,.,.,.,.,.,.,18.7,.,18.7,.,.,.,.,.,.,.,189,.,189,.,.,56,.,56,.
2016,8574,"Jackson Electric Coop, Inc - (WI)",WI,5058,232,0,0,5290,0,0,0,0,0,2.3,10.4,0,0,12.7,1.4,6.4,0,0,7.8,494,23,0,0,517,82,4,0,0,86,.
2016,8786,Horry Electric Coop Inc,SC,5585,.,.,.,5585,47,.,.,.,47,0.2,.,.,.,0.2,0.2,.,.,.,0.2,19,.,.,.,19,19,.,.,.,19,154
2016,8901,CenterPoint Energy,TX,10875,226,.,.,11101,67,655,.,.,722,16.3,97.9,.,.,114.2,11.1,109.1,.,.,120.2,543,3106,.,.,3649,77,364,.,.,441,.
2016,8924,Howard Greeley Rural P P D,NE,.,.,1230,.,1230,.,.,50,.,50,.,.,20.1,.,20.1,.,.,11.9,.,11.9,.,.,.,.,.,.,.,.,.,.,.
2016,9191,Idaho Power Co,ID,27947,128,2236,0,30311,0,0,0,0,0,33,29,295,0,357,0,18.5,0,0,18.5,419,398,6242,0,7059,642,122,1136,0,1900,.
2016,9191,Idaho Power Co,OR,368,9,50,0,427,0,0,0,0,0,0.4,12.9,7.3,0,20.6,0,8.3,0,0,8.3,6,241,164,0,411,36,6,57,0,99,.
2016,9209,Illinois Rural Electric Coop,IL,.,174,.,.,174,.,4,.,.,4,.,4,.,.,4,.,4,.,.,4,.,.,.,.,.,.,20,.,.,20,.
2016,9231,City of Independence - (MO),MO,.,.,2,.,2,.,.,0,.,0,.,.,2,.,2,.,.,.,.,.,.,.,.,.,.,.,.,.,.,.,.
2016,9267,"Hoosier Energy R E C, Inc",IN,16380,.,.,.,16380,0,.,.,.,0,12,.,.,.,12,12,.,.,.,12,112,.,.,.,112,0,.,.,.,0,.
2016,9273,Indianapolis Power & Light Co,IN,45478,87,1,.,45566,0,0,0,.,0,32.4,1.5,1.2,.,35.1,30,1,0,.,31,921,15,6,.,942,1091,44,0,.,1135,.
2016,9324,Indiana Michigan Power Co,IN,7440,115,8,.,7563,88,.,.,.,88,7.4,57,162.6,.,227,4.6,.,.,.,4.6,.,.,.,.,.,.,.,.,.,.,.
2016,9417,Interstate Power and Light Co,IA,51986,84,86,0,52156,66,195,676,0,937,42.3,51.3,220,0,313.6,15.9,23.4,81.8,0,121.1,1687,4311,18496,0,24494,539,43,44,0,626,0
2016,9431,Irwin Electric Membership Corp,GA,.,.,500,.,500,.,.,315,.,315,.,.,30,.,30,.,.,15,.,15,.,.,0,.,0,.,.,113,.,113,.
2016,9576,Jackson County Rural E M C - (IN),IN,128,.,.,.,128,.,.,.,.,.,0.7,.,.,.,0.7,0.1,.,.,.,0.1,44,.,.,.,44,.,.,.,.,.,.
2016,9590,"Jackson Electric Coop, Inc - (TX)",TX,.,9,.,.,9,.,.,.,.,.,.,48,.,.,48,.,45,.,.,45,.,1624,.,.,1624,.,.,.,.,.,.
2016,9601,Jackson Electric Member Corp - (GA),GA,23224,2590,.,.,25814,.,.,.,.,.,11,1,.,.,12,11,1,.,.,12,370,41,.,.,411,35,4,.,.,39,.
2016,9617,JEA,FL,.,36,.,.,36,.,.,.,.,.,.,249,.,.,249,.,164,.,.,164,.,21764,.,.,21764,.,.,.,.,.,.
2016,9726,Jersey Central Power & Lt Co,NJ,14609,0,0,0,14609,0,0,0,0,0,16,0,0,0,16,0,0,0,0,0,0,0,0,0,0,161,0,0,0,161,.
2016,9750,Jo-Carroll Energy Coop Inc,IL,1831,3,1,.,1835,.,.,.,.,.,2.2,0.4,0.1,.,2.7,1.9,0.4,0.1,.,2.4,121,23,3,.,147,12,2,.,.,14,.
2016,9778,Johnson County Rural E M C,IN,.,.,2,.,2,.,.,31,.,31,.,.,1.3,.,1.3,.,.,1.3,.,1.3,.,.,27,.,27,.,.,2,.,2,0
2016,9922,Jump River Electric Coop Inc,WI,4519,149,.,.,4668,.,.,.,.,.,8,0.7,.,.,8.7,3,0.3,.,.,3.3,72,6,.,.,78,54,5,.,.,59,0
2016,9996,City of Kansas City - (KS),KS,0,.,.,.,0,0,.,.,.,0,1,.,.,.,1,.,.,.,.,.,65,.,.,.,65,.,.,.,.,.,.
2016,10000,Kansas City Power & Light Co,KS,18741,670,.,.,19411,0,0,.,.,0,23.6,0.8,.,.,24.4,0,0,.,.,0,0,0,.,.,0,195,7,.,.,202,0
2016,10000,Kansas City Power & Light Co,MO,25368,935,.,.,26303,1493,6,.,.,1499,31.9,11.2,.,.,43.1,0,0,.,.,0,0,336,.,.,336,1625,113,.,.,1738,0
2016,10005,Kansas Gas & Electric Co,KS,26835,1047,38,.,27920,0,0,0,0,0,0,8,164,0,172,0,0,0,0,0,.,89,3928,.,4017,346,13,.,.,359,.
2016,10065,KBR Rural Public Power District,NE,.,.,500,.,500,.,.,250,.,250,.,.,10,.,10,.,.,4,.,4,.,.,33,.,33,.,.,.,.,.,.
2016,10171,Kentucky Utilities Co,KY,78532,1099,0,0,79631,0,0,0,0,0,86,11,0,0,97,33,9,0,0,42,1938,288,0,0,2226,3805,625,0,0,4430,0
2016,10558,"LaCreek Electric Assn, Inc",SD,378,.,88,.,466,.,.,.,.,.,2.2,.,10.3,.,12.5,2.2,.,10.3,.,12.5,1,.,.,.,1,1,.,.,.,1,.
2016,10595,City of Lake City - (MN),MN,.,.,3,.,3,.,.,.,.,.,.,.,5,.,5,.,.,.,.,.,.,.,.,.,.,.,.,.,.,.,.
2016,10596,City of Lake Crystal - (MN),MN,160,.,.,.,160,1,.,.,.,1,.,.,.,.,.,.,.,.,.,.,3,.,.,.,3,.,.,.,.,.,.
2016,10768,"Laurens Electric Coop, Inc",SC,4379,0,2,0,4381,10,.,4,.,14,6,.,3,.,9,5,.,2,.,7,.,.,.,.,.,.,.,.,.,.,.
2016,10857,"Lee County Electric Coop, Inc",FL,19097,45,.,.,19142,165,682,.,.,847,8.2,27.5,.,.,35.7,8.2,16.2,.,.,24.4,891,854,.,.,1745,105,101,.,.,206,.
2016,11064,Litchfield Public Utilities,MN,1948,266,1,.,2215,31,3,.,.,34,1,.,1,.,2,1,.,.,.,1,.,.,2,.,2,17,2,.,.,19,.
2016,11171,Long Island Power Authority,NY,18513,4706,0,0,23219,0,0,0,0,0,23.6,6,0,0,29.6,18.3,5.6,0,0,23.9,0,0,0,0,0,1316,336,0,0,1652,.
2016,11208,Los Angeles Department of Water & Power,CA,.,4,3,.,7,.,74,193,.,267,.,12.3,32.2,.,44.5,.,6.2,16,.,22.2,.,12,32,.,44,.,.,.,.,.,.
2016,11249,Louisville Gas & Electric Co,KY,103183,1130,0,0,104313,0,0,0,0,0,112.3,8.5,0,0,120.8,43.8,6,0,0,49.8,2249,195,0,0,2444,3524,687,0,0,4211,0
2016,11251,Loup River Public Power Dist,NE,.,487,.,.,487,.,.,.,.,.,.,24,.,.,24,.,18,.,.,18,.,.,.,.,.,.,42,.,.,42,.
2016,11273,Lower Valley Energy Inc,ID,9,.,.,.,9,.,.,.,.,.,.,.,.,.,.,.,.,.,.,.,1,.,.,.,1,.,.,.,.,.,.
2016,11273,Lower Valley Energy Inc,WY,499,.,.,.,499,.,.,.,.,.,2.3,.,.,.,2.3,1.1,.,.,.,1.1,60,.,.,.,60,.,.,.,.,.,0
2016,11291,Lumbee River Elec Member Corp,NC,.,3,.,.,3,.,1,.,.,1,.,0.4,.,.,0.4,.,0.4,.,.,0.4,.,0,.,.,0,.,0,.,.,0,.
2016,11298,Lyon Rural Electric Coop,IA,957,.,.,.,957,0,.,.,.,0,4.3,.,.,.,4.3,0.5,.,.,.,0.5,360,.,.,.,360,.,.,.,.,.,30
2016,11475,City of Madison - (SD),SD,2019,.,.,.,2019,93,.,.,.,93,15,.,.,.,15,.,.,.,.,.,171,.,.,.,171,26,.,.,.,26,.
2016,11479,Madison Gas & Electric Co,WI,14249,12,0,0,14261,0,0,0,0,0,8.8,24.1,0,0,32.9,0,0,0,0,0,1225,0,0,0,1225,0,0,0,0,0,.
2016,11501,Magic Valley Electric Coop Inc,TX,850,.,.,.,850,5,.,.,.,5,1,.,.,.,1,1,.,.,.,1,0,.,.,.,0,12,.,.,.,12,.
2016,11560,City of Manassas - (VA),VA,1060,.,.,.,1060,5,.,.,.,5,0.4,.,.,.,0.4,0.4,.,.,.,0.4,141,.,.,.,141,3,.,.,.,3,.
2016,11581,City of Manning,IA,214,5,.,.,219,3,.,0,.,3,0,0,0,.,0,0,.,0,.,0,0,.,0,.,0,2,.,0,.,2,.
2016,11731,City of Marshall - (MN),MN,3701,456,131,0,4288,685,3470,401,0,4556,3.4,4,1.3,0,8.7,3.4,4,1.3,0,8.7,97,570,189,0,856,24,13,4,0,41,18
2016,11811,Town of Massena - (NY),NY,759,1,.,.,760,4,1,.,.,5,2,.,.,.,2,1,.,.,.,1,18,14,.,.,32,9,2,.,.,11,1
2016,11843,Maui Electric Co Ltd,HI,.,4,.,.,4,.,2,.,.,2,.,0.2,.,.,0.2,.,0.2,.,.,0.2,.,9,.,.,9,.,0,.,.,0,0
2016,12090,"McLean Electric Coop, Inc",ND,604,0,54,0,658,.,.,.,.,.,.,.,.,.,.,.,.,.,.,.,.,.,.,.,.,.,.,.,.,.,.
2016,12199,Montana-Dakota Utilities Co,MT,.,2,3,.,5,.,.,.,.,.,.,.,4,.,4,.,.,.,.,.,.,8,148,.,156,.,4,63,.,67,.
2016,12199,Montana-Dakota Utilities Co,ND,.,24,5,.,29,.,5,6,.,11,.,8,12,.,20,.,.,.,.,.,.,327,563,.,890,.,47,48,.,95,.
2016,12199,Montana-Dakota Utilities Co,SD,.,1,.,.,1,.,.,.,.,.,.,0.1,.,.,0.1,.,.,.,.,.,.,1,.,.,1,.,1,.,.,1,.
2016,12199,Montana-Dakota Utilities Co,WY,729,.,.,.,729,65,.,.,.,65,16,.,.,.,16,3,.,.,.,3,200,.,.,.,200,.,.,.,.,.,.
2016,12208,City of McPherson - (KS),KS,.,20,2,.,22,.,.,.,.,.,.,0.5,0.5,.,1,.,0.5,0.5,.,1,.,21,24,.,45,.,1,1,.,2,.
2016,12260,Mecklenburg Electric Cooperative,VA,.,5,.,.,5,.,180,.,.,180,.,5,.,.,5,.,2,.,.,2,.,10,.,.,10,.,.,.,.,.,.
2016,12268,"Medina Electric Coop, Inc",TX,.,.,789,.,789,.,.,674,.,674,.,.,78.5,.,78.5,.,.,21.7,.,21.7,.,.,.,.,.,.,.,15,.,15,.
2016,12301,Nodak Electric Coop Inc,ND,5615,.,292,.,5907,18372,.,453,.,18825,143,.,61.6,.,204.6,53.4,.,27.8,.,81.2,31,.,0,.,31,195,.,0,.,195,.
2016,12341,MidAmerican Energy Co,IA,63766,48,66,.,63880,178,34,190,.,402,36.3,46.1,261.5,.,343.9,36.3,46.1,261.5,.,343.9,1916,2114,11978,.,16008,1356,85,479,.,1920,.
2016,12341,MidAmerican Energy Co,IL,3382,2,3,.,3387,10,.,.,.,10,2,3.6,20.1,.,25.7,2,3.6,20.1,.,25.7,102,148,840,.,1090,54,4,23,.,81,.
2016,12341,MidAmerican Energy Co,SD,239,.,.,.,239,1,.,.,.,1,0.1,.,.,.,0.1,0.1,.,.,.,0.1,7,.,.,.,7,10,.,.,.,10,.
2016,12377,Midwest Energy Cooperative,MI,3072,68,.,.,3140,0,0,.,.,0,8,20,.,.,28,6,10,.,.,16,217,583,.,.,800,.,.,.,.,.,.
2016,12390,Metropolitan Edison Co,PA,0,0,0,0,0,0,0,0,0,0,0,0,0,0,0,0,0,0,0,0,0,0,0,0,0,0,12,111,0,123,.
2016,12395,Menard Electric Coop,IL,1360,19,1203,.,2582,28,0,158,.,186,2,8,49,.,59,1,0,12,.,13,50,.,.,.,50,.,.,24,.,24,0
2016,12463,"Mid-Yellowstone Elec Coop, Inc",MT,33,0,0,0,33,96,0,0,0,96,0.2,0,0,0,0.2,0.2,0,0,0,0.2,0,0,0,0,0,0,0,0,0,0,.
2016,12472,Middle Georgia El Member Corp,GA,.,.,553,.,553,.,.,288,.,288,.,.,36,.,36,.,.,16,.,16,.,.,0,.,0,.,.,10,.,10,.
2016,12524,Midwest Energy Inc,KS,0,12,666,0,678,0,0,0,0,0,0,5,31,0,36,0,3,26,0,29,0,243,834,0,1077,0,0,885,0,885,.
2016,12539,Midwest Electric Member Corp,NE,.,.,1448,.,1448,.,.,0,.,0,.,.,77.7,.,77.7,.,.,13.2,.,13.2,.,.,897,.,897,.,.,0,.,0,.
2016,12615,City of Milton-Freewater- (OR),OR,701,63,82,.,846,148,12,18,.,178,4,.,.,.,4,3,.,.,.,3,33,3,4,.,40,.,.,.,.,.,0
2016,12647,"ALLETE, Inc.",MN,7471,536,10,.,8017,0,0,0,.,0,25,4,208,.,237,.,.,.,.,.,168,70,1117,.,1355,.,.,.,.,.,.
2016,12660,Village of Minster - (OH),OH,0,0,1,0,1,0,0,0,0,0,0,0,0.4,0,0.4,0,0,0.4,0,0.4,0,0,7,0,7,0,0,0,0,0,0
2016,12681,Mississippi County Electric Co,AR,.,.,728,.,728,.,.,.,.,.,.,.,3,.,3,.,.,2,.,2,.,.,350,.,350,.,.,115,.,115,.
2016,12686,Mississippi Power Co,MS,0,7,12,0,19,0,0,0,0,0,0,25,141.6,0,166.6,0,0,0,0,0,0,468,1499,0,1967,0,0,0,0,0,.
2016,12698,KCP&L Greater Missouri Operations Co.,MO,19260,429,.,.,19689,1186,3,.,.,1189,24,21,.,.,45,0,0,.,.,0,0,693,.,.,693,1412,417,.,.,1829,0
2016,12745,Modesto Irrigation District,CA,12338,67,9,0,12414,0,0,0,.,0,9,1,20.9,0,30.9,0,0,0,0,0,245,15,380,0,640,33,31,31,0,95,.
2016,12796,Monongahela Power Co,WV,.,.,1,.,1,.,.,.,.,.,.,.,50,.,50,.,.,.,.,.,.,.,.,.,.,.,.,.,.,.,.
2016,12894,City of Moorhead - (MN),MN,2238,60,.,.,2298,531,173,.,.,704,11,7,.,.,18,9,3,.,.,12,156,106,.,.,262,114,0,.,.,114,257
2016,12900,City of Mora - (MN),MN,0,1,0,0,1,0,0,0,0,0,0,0.2,0,0,0.2,0,0,0,0,0,0,2,0,0,2,0,1,0,0,1,0
2016,12915,Moreau-Grand Electric Coop Inc,SD,469,.,.,.,469,.,.,.,.,.,6,.,.,.,6,6,.,.,.,6,1075,.,.,.,1075,.,.,.,.,.,17
2016,13058,"Mountain View Elec Assn, Inc",CO,1686,66,.,.,1752,19,1,.,.,20,5,1,.,.,6,0,0,.,.,0,9,1,.,.,10,47,2,.,.,49,.
2016,13337,Nebraska Public Power District,NE,.,308,5,.,313,.,.,.,.,.,.,7,60,.,67,.,5,55,.,60,.,410,900,.,1310,.,40,.,.,40,.
2016,13407,Nevada Power Co,NV,74452,1878,.,.,76330,21996,4148,.,.,26144,189,27.1,.,.,216.1,122.3,13,.,.,135.3,1585,743,.,.,2328,8726,2798,.,.,11524,.
2016,13478,Entergy New Orleans Inc,LA,318,.,.,.,318,0,.,.,.,0,7,.,.,.,7,7,.,.,.,7,13,.,.,.,13,426,.,.,.,426,.
2016,13480,New Prague Utilities Comm,MN,862,3,0,0,865,7,0,0,0,7,0,0,0,0,0,0,0,0,0,0,18,1,0,0,19,1,1,0,0,2,0
2016,13485,New Smyrna Beach City of,FL,3149,.,.,.,3149,0,.,.,.,0,4,.,.,.,4,0,.,.,.,0,200,.,.,.,200,.,.,.,.,.,.
2016,13511,New York State Elec & Gas Corp,NY,0,46,11,0,57,0,14,220,0,234,0,24.9,45.4,0,70.3,0,3.4,44.9,0,48.3,0,15,995,0,1010,0,3,89,0,92,.
2016,13573,Niagara Mohawk Power Corp.,NY,750,104,40,.,894,3,755,8387,.,9145,0.6,51.8,524.2,.,576.6,0.6,51.8,524.2,.,576.6,59,191,1929,.,2179,359,5,5,.,369,.
2016,13610,Niobrara Valley El Member Corp,NE,.,.,717,.,717,.,.,.,.,.,.,.,8.5,.,8.5,.,.,7.5,.,7.5,.,.,.,.,.,.,.,4,.,4,.
2016,13630,North Carolina Mun Power Agny #1,NC,.,72,19,.,91,80,3955,4044,.,8079,1,71,74,.,146,1,56,65,.,122,.,.,.,.,.,.,.,.,.,.,.
2016,13640,Northern Virginia Elec Coop,VA,33466,88,10,.,33564,120,424,188,.,732,7.5,9,10.7,.,27.2,.,.,.,.,.,0,0,855,.,855,274,.,.,.,274,.
2016,13664,Norris Public Power District,NE,2195,2,1128,.,3325,0,0,0,.,0,2.1,0.5,50,.,52.6,1,0.3,22,.,23.3,52,.,.,.,52,14,14,113,.,141,.
2016,13676,"North Arkansas Elec Coop, Inc",AR,8517,.,.,.,8517,.,.,.,.,.,4.5,.,.,.,4.5,4.5,.,.,.,4.5,197,.,.,.,197,.,.,.,.,.,.
2016,13683,North Carolina El Member Corp,NC,631,.,2,.,633,.,.,.,.,.,0.9,.,2.4,.,3.3,.,.,.,.,.,.,.,.,.,.,.,.,.,.,.,.
2016,13687,North Carolina Eastern M P A,NC,137717,182,273,.,138172,.,.,.,.,.,57,61,242,.,360,51,52,217,.,320,3268,625,315,.,4208,1190,70,140,.,1400,.
2016,13690,North Central MO Elec Coop Inc,MO,2501,93,.,.,2594,1,.,.,.,1,3,.,.,.,3,2,.,.,.,2,70,.,.,.,70,45,.,.,.,45,7
2016,13698,North Central Public Pwr Dist,NE,.,.,876,.,876,.,.,2000,.,2000,.,.,38,.,38,.,.,16,.,16,.,.,.,.,.,.,.,135,.,135,.
2016,13725,City of North Platte,NE,1075,83,1,.,1159,2,1,1,.,4,1.3,0.8,1,.,3.1,0.5,0.3,1,.,1.8,.,.,.,.,.,4,79,25,.,108,.
2016,13762,"Northern Neck Elec Coop, Inc",VA,4898,.,.,.,4898,99,.,.,.,99,2.8,.,.,.,2.8,2.8,.,.,.,2.8,17,.,.,.,17,.,.,.,.,.,.
2016,13780,Northern States Power Co,WI,17819,865,.,.,18684,0,0,0,.,0,8.9,6.8,0,.,15.7,8.9,6.8,0,.,15.7,490,535,0,.,1025,481,234,0,.,715,.
2016,13781,Northern States Power Co - Minnesota,MN,390480,17958,.,.,408438,0,0,0,.,0,235.8,689,0,.,924.8,235.8,415.5,0,.,651.3,24941,5050,0,.,29991,3779,2759,0,.,6538,.
2016,13781,Northern States Power Co - Minnesota,ND,12001,545,0,.,12546,0,0,0,.,0,6.6,1.1,0,.,7.7,6.6,1.1,0,.,7.7,721,138,0,.,859,76,66,.,.,142,.
2016,13781,Northern States Power Co - Minnesota,SD,19008,672,.,.,19680,0,0,0,.,0,10.1,1.5,0,.,11.6,10.1,1.5,0,.,11.6,1366,194,0,.,1560,168,50,0,.,218,.
2016,13798,Northwest Iowa Power Coop,IA,25579,854,.,.,26433,.,.,.,.,.,40.8,6.2,.,.,47,11.9,6.2,.,.,18.1,3311,102,.,.,3413,284,9,.,.,293,.
2016,13805,Northwest Rural Pub Pwr Dist,NE,.,.,59,.,59,.,.,.,.,.,.,.,1.5,.,1.5,.,.,1.5,.,1.5,.,.,84,.,84,.,.,25,.,25,.
2016,13815,Northwestern Wisconsin Elec Co,WI,.,.,1,.,1,.,.,.,.,.,.,.,1,.,1,.,.,.,.,.,.,.,34,.,34,.,.,.,.,.,.
2016,13838,"Northfork Electric Coop, Inc",OK,.,4,89,.,93,.,0,36,.,36,.,0,36.3,.,36.3,.,0,36.2,.,36.2,.,0,0,.,0,.,0,0,.,0,.
2016,13839,City of Norwood - (MA),MA,554,0,0,0,554,0,0,0,0,0,2.5,.,.,.,2.5,0.4,.,.,.,0.4,5,0,0,0,5,10,.,.,.,10,.
2016,13936,Oakdale Electric Coop,WI,5565,136,1,.,5702,0,0,0,.,0,2.3,5.7,0.1,.,8.1,1.1,2.8,0,.,3.9,89,217,3,.,309,21,51,1,.,73,.
2016,13998,Ohio Edison Co,OH,12388,0,17,0,12405,62,0,0,0,62,7.9,0,216.5,0,224.4,7.8,0,0,0,7.8,132,0,8,0,140,740,0,0,0,740,.
2016,14006,Ohio Power Co,OH,1234,.,1,.,1235,.,.,.,.,.,1.2,.,37.8,.,39,1.2,.,.,.,1.2,.,.,.,.,.,.,.,.,.,.,.
2016,14063,Oklahoma Gas & Electric Co,AR,.,1,.,.,1,.,.,.,.,.,.,2974,.,.,2974,.,.,.,.,.,.,.,.,.,.,.,.,.,.,.,.
2016,14063,Oklahoma Gas & Electric Co,OK,10884,1628,.,.,12512,2544,0,.,.,2544,4,3,.,.,7,4,2,.,.,6,4407,4875,.,.,9282,3307,494,.,.,3801,.
2016,14127,Omaha Public Power District,NE,40300,26,1,.,40327,0,0,0,.,0,57.8,40.6,12,.,110.4,57.8,40.6,12,.,110.4,889,1224,576,.,2689,1050,78,0,.,1128,.
2016,14154,Orange & Rockland Utils Inc,NY,1173,25,5,0,1203,4,21,14,0,39,1,20,5,0,26,1,5,4,0,10,86,260,110,0,456,114,131,31,0,276,.
2016,14175,"Tri-County Electric Coop, Inc",SC,17170,.,.,.,17170,3526,.,.,.,3526,3,.,.,.,3,.,.,.,.,.,.,.,.,.,.,.,.,.,.,.,.
2016,14178,"P K M Electric Coop, Inc",MN,1732,100,.,.,1832,.,.,.,.,.,27,4,.,.,31,23,2,.,.,25,8,2,.,.,10,.,.,.,.,.,.
2016,14201,City of Osage - (IA),IA,569,65,0,0,634,7,2,0,0,9,1,0,0,0,1,1,0,0,0,1,.,.,.,.,.,.,.,.,.,.,.
2016,14202,"Osceola Electric Coop, Inc",IA,632,0,0,0,632,0,0,0,0,0,3,0,0,0,3,3,0,0,0,3,23,0,0,0,23,5,0,0,0,5,9
2016,14232,Otter Tail Power Co,MN,16770,2653,191,0,19614,0,0,0,0,0,20,25,11,0,56,20,25,11,0,56,34,33,7,0,74,85,1,19,0,105,.
2016,14246,City of Owatonna - (MN),MN,6668,277,4,.,6949,40,17,14,.,71,2.1,1.2,0.9,.,4.2,2.1,1.2,0.9,.,4.2,318,82,36,.,436,6,0,0,.,6,0
2016,14251,Owen Electric Coop Inc,KY,2667,22,3,.,2692,3899,3867,2408,.,10174,.,.,.,.,.,.,.,.,.,.,334,57,32,.,423,.,.,.,.,.,.
2016,14328,Pacific Gas & Electric Co,CA,462704,746197,13470,0,1222371,4576,5675,8586,0,18837,154,167,580,0,901,69,49,126,0,244,693,15410,2123,0,18226,15451,11070,14456,0,40977,0
2016,14354,PacifiCorp,ID,.,.,207,.,207,.,.,.,.,.,.,.,257,.,257,.,.,146.3,.,146.3,.,.,0,.,0,.,.,4284,.,4284,.
2016,14354,PacifiCorp,OR,.,.,3,.,3,.,.,.,.,.,.,.,0.6,.,0.6,.,.,0.3,.,0.3,.,.,0,.,0,.,.,150,.,150,.
2016,14354,PacifiCorp,UT,108269,.,56,.,108325,.,.,.,.,.,216,.,37,.,253,103.4,.,12.7,.,116.1,2070,.,0,.,2070,2504,.,426,.,2930,.
2016,14398,Palmetto Electric Coop Inc,SC,37196,63,7,.,37266,171,.,.,.,171,33.7,7.5,3.1,.,44.3,23.6,5.7,2.4,.,31.7,63,.,.,.,63,800,18,2,.,820,283
2016,14426,Panhandle Rural El Member Assn,NE,.,358,.,.,358,.,7,.,.,7,.,.,.,.,.,.,.,.,.,.,.,422,.,.,422,.,.,.,.,.,.
2016,14468,People's Cooperative Services,MN,2712,82,6,0,2800,0,0,0,0,0,1.8,3.7,0.7,0,6.2,1.2,2.5,0.5,0,4.2,183,378,75,0,636,32,66,13,0,111,5
2016,14557,"Pee Dee Electric Coop, Inc",SC,.,.,4,.,4,.,.,.,.,.,.,.,8.5,.,8.5,.,.,7.1,.,7.1,.,.,.,.,.,.,.,.,.,.,.
2016,14716,Pennsylvania Power Co,PA,0,0,0,0,0,0,0,0,0,0,0,0,0,0,0,0,0,0,0,0,0,0,0,0,0,0,4,40,0,44,.
2016,14717,Pee Dee Electric Member Corp,NC,.,103,.,.,103,.,.,.,.,.,.,6,.,.,6,.,.,.,.,.,.,.,.,.,.,.,.,.,.,.,.
2016,14940,PECO Energy Co,PA,62388,1617,.,.,64005,196,4,.,.,200,62,2,.,.,64,61,2,.,.,63,3032,128,.,.,3160,1455,45,.,.,1500,.
2016,15023,Piedmont Electric Member Corp,NC,6253,131,.,.,6384,.,.,.,.,.,7,.,.,.,7,7,.,.,.,7,142,2,.,.,144,60,1,.,.,61,.
2016,15034,Pierce-Pepin Coop Services,WI,7144,376,.,.,7520,.,.,.,.,.,19.7,3.2,.,.,22.9,3.4,0.6,.,.,4,1,.,.,.,1,110,18,.,.,128,.
2016,15248,Portland General Electric Co,OR,0,41,1,0,42,0,128,29,0,157,0,11,2,0,13,0,9,2,0,11,0,0,69,.,69,0,942,20,.,962,.
2016,15270,Potomac Electric Power Co,DC,25385,.,.,.,25385,133,.,.,.,133,19,.,.,.,19,19,.,.,.,19,999,.,.,.,999,1239,.,.,.,1239,.
2016,15270,Potomac Electric Power Co,MD,490000,5959,.,.,495959,27012,375,.,.,27387,314.6,7.8,.,.,322.4,314.6,7.8,.,.,322.4,13857,349,.,.,14206,12228,718,.,.,12946,.
2016,15296,New York Power Authority,NY,0,0,0,1,1,0,0,0,0,0,0,0,0,14,14,0,0,0,3.7,3.7,0,0,0,339,339,.,.,.,.,.,.
2016,15344,Polk-Burnett Electric Coop,WI,6958,91,0,0,7049,0,0,0,0,0,24.6,0.9,0,0,25.5,4.7,0.2,0,0,4.9,0,0,0,0,0,20,1,0,0,21,.
2016,15356,Price Electric Coop Inc,WI,1813,18,0,0,1831,0,0,0,0,0,5.3,1.5,0,0,6.8,1.2,0.3,0,0,1.5,268,75,0,0,343,8,2,0,0,10,0
2016,15387,Princeton Public Utils Comm,MN,444,.,.,.,444,4,.,.,.,4,0.1,.,.,.,0.1,0,.,.,.,0,0,.,.,.,0,3,.,.,.,3,0
2016,15410,Prince George Electric Coop,VA,840,.,.,.,840,.,.,.,.,.,1,.,.,.,1,1,.,.,.,1,7,.,.,.,7,.,.,.,.,.,.
2016,15466,Public Service Co of Colorado,CO,9436,328,.,.,9764,0,0,.,.,0,203,275,.,.,478,11,1,.,.,12,7728,25525,.,.,33253,5137,3095,.,.,8232,.
2016,15470,"Duke Energy Indiana, LLC",IN,54834,35,76,.,54945,.,.,.,.,.,58.7,50.6,481.5,.,590.8,0,7,138,.,145,524,442,.,.,966,1937,.,.,.,1937,.
2016,15473,Public Service Co of NM,NM,35065,6818,109,0,41992,517,610,582,0,1709,35.8,5,20,0,60.8,35.8,5,16,0,56.8,1512,404,202,0,2118,3684,708,274,0,4666,.
2016,15474,Public Service Co of Oklahoma,OK,2932,1221,0,0,4153,0,0,0,0,0,2.9,53.1,0,0,56,2.9,53.1,0,0,56,0,0,0,0,0,0,0,0,0,0,0
2016,15477,Public Service Elec & Gas Co,NJ,103234,1170,0,0,104404,0,0,0,0,0,74.8,1.3,0,0,76.1,0,0,0,0,0,1009,36,0,0,1045,930,59,0,0,989,.
2016,15619,City of Radford - (VA),VA,.,.,1,.,1,.,.,.,.,.,.,.,.,.,.,.,.,.,.,.,.,.,.,.,.,.,.,.,.,.,.
2016,15671,Randolph Electric Member Corp,NC,.,222,.,.,222,.,.,.,.,.,.,13,.,.,13,.,9,.,.,9,.,457,.,.,457,.,.,.,.,.,.
2016,15700,Rayle Electric Membership Corp,GA,.,.,3,.,3,.,.,.,.,.,.,.,3,.,3,.,.,1.5,.,1.5,.,.,.,.,.,.,.,.,.,.,.
2016,15746,Red River Valley Rrl Elec Assn,OK,.,.,1,.,1,.,.,115,.,115,.,.,5,.,5,.,.,5,.,5,.,.,480,.,480,.,.,.,.,.,.
2016,15748,Town of Reading - (MA),MA,.,.,14,.,14,.,.,.,.,.,.,.,5,.,5,.,.,1.1,.,1.1,.,.,325,.,325,.,.,222,.,222,.
2016,16060,Riverland Energy Cooperative,WI,7719,462,0,0,8181,0,0,0,0,0,3.5,4.4,0,0,7.9,3.5,4.4,0,0,7.9,477,599,0,0,1076,17,21,0,0,38,.
2016,16181,Rochester Public Utilities,MN,7817,101,11,.,7929,51,1,538,.,590,2.7,0.1,6.4,.,9.2,.,.,.,.,.,141,12,563,.,716,.,.,.,.,.,.
2016,16183,Rochester Gas & Electric Corp,NY,0,1,0,0,1,0,0,0,0,0,0,0.3,0,0,0.3,0,0,0,0,0,0,0,0,0,0,0,0,0,0,0,.
2016,16267,Rolling Hills Electric Coop,KS,.,.,242,.,242,.,.,91,.,91,.,.,4.5,.,4.5,.,.,4.5,.,4.5,.,.,67,.,67,.,.,40,.,40,.
2016,16284,"Roseau Electric Coop, Inc",MN,3090,.,.,.,3090,1,.,.,.,1,42,.,.,.,42,21,.,.,.,21,45,.,.,.,45,263,.,.,.,263,.
2016,16295,City of Roseville - (CA),CA,3721,.,.,.,3721,0,.,.,.,0,3.7,.,.,.,3.7,0,.,.,.,0,37,.,.,.,37,74,.,.,.,74,.
2016,16496,Rutherford Elec Member Corp,NC,7728,0,0,0,7728,0,0,0,0,0,3,0,0,0,3,0,0,0,0,0,163,0,0,0,163,0,0,0,0,0,.
2016,16534,Sacramento Municipal Util Dist,CA,86957,23,1,.,86981,0,37,0,.,37,42,6.7,6.5,.,55.2,0,6.7,0,.,6.7,0,1055,274,.,1329,197,364,0,.,561,.
2016,16572,Salt River Project,AZ,1766,0,3,.,1769,0,0,0,.,0,1766,0,78,.,1844,0,0,0,.,0,0,0,.,.,0,185,0,.,.,185,.
2016,16604,City of San Antonio - (TX),TX,131894,470,0,.,132364,5639,2774,.,.,8413,114.7,104,.,.,218.7,114.7,104,.,.,218.7,8270,5987,.,.,14257,480,220,.,.,700,.
2016,16606,"Santee Electric Coop, Inc",SC,38,.,.,.,38,135,.,.,.,135,0.3,.,.,.,0.3,0.3,.,.,.,0.3,8,.,.,.,8,6,.,.,.,6,38
2016,16609,San Diego Gas & Electric Co,CA,102638,123308,74,0,226020,223,340,81,0,644,17.8,36.2,8.4,0,62.4,17.8,36.2,5.1,0,59.1,3423,3742,684,0,7849,2644,6950,1986,0,11580,.
2016,16627,San Patricio Electric Coop Inc,TX,.,6,6,.,12,.,.,.,.,.,.,.,13.5,.,13.5,.,.,13.5,.,13.5,.,.,2142,.,2142,.,.,.,.,.,.
2016,16674,Satilla Rural Elec Member Corporation,GA,0,712,22,0,734,0,6,5,0,11,0,6.5,16,0,22.5,0,2.5,10,0,12.5,0,0,0,0,0,0,25,25,0,50,0
2016,16740,Scenic Rivers Energy Coop,WI,5795,5,777,.,6577,.,.,.,.,.,7,0.6,0.3,.,7.9,3.5,0.3,0.2,.,4,279,21,12,.,312,32,2,1,.,35,.
2016,16805,SEMO Electric Cooperative,MO,.,377,.,.,377,.,.,.,.,.,.,5.6,.,.,5.6,.,1,.,.,1,.,45,.,.,45,.,.,.,.,.,.
2016,16854,"Heartland Rural Elec Coop, Inc",KS,2365,37,.,.,2402,.,.,.,.,.,7,0,.,.,7,1,0,.,.,1,44,.,.,.,44,23,.,.,.,23,.
2016,16865,Sawnee Electric Membership Corporation,GA,3931,96,.,.,4027,4,0,.,.,4,9.4,0.2,.,.,9.6,3.3,0.1,.,.,3.4,1571,54,.,.,1625,931,.,.,.,931,.
2016,16920,Sedgwick County El Coop Assn Inc,KS,.,43,.,.,43,.,.,.,.,.,25,1.5,10,.,36.5,1,1,1,.,3,.,45,.,.,45,36,1,0,.,37,.
2016,16932,City of Sergeant Bluff - (IA),IA,371,33,.,.,404,.,.,.,.,.,.,.,.,.,.,.,.,.,.,.,.,.,.,.,.,.,.,.,.,.,.
2016,16971,Shakopee Public Utilities Comm,MN,1900,.,.,.,1900,1,.,.,.,1,2,.,.,.,2,.,.,.,.,.,23,.,.,.,23,25,.,.,.,25,.
2016,17008,Sharyland Utilities LP,TX,.,.,.,.,.,.,.,.,.,.,.,.,.,.,.,.,.,.,.,.,.,.,.,.,.,.,.,3,.,3,.
2016,17040,"Shelby Electric Coop, Inc",IL,1208,50,.,.,1258,.,.,.,.,.,5,7,.,.,12,2,4,.,.,6,2,0,.,.,2,4,1,.,.,5,.
2016,17066,Shenandoah Valley Elec Coop,VA,11527,.,.,.,11527,401,.,.,.,401,52,.,.,.,52,34.7,.,.,.,34.7,.,.,.,.,.,1181,.,.,.,1181,0
2016,17166,Sierra Pacific Power Co,NV,4039,113,.,.,4152,1006,619,.,.,1625,7.4,3.4,.,.,10.8,5.2,2.4,.,.,7.6,8,100,.,.,108,1645,1162,.,.,2807,.
2016,17252,Singing River Elec Pwr Assn,MS,0,50,13,0,63,0,0,0,0,0,0,93,55,0,148,0,81,42,0,123,0,0,0,0,0,0,23,15,0,38,.
2016,17264,City of Sioux Center,IA,1799,.,.,.,1799,22,.,.,.,22,2,.,.,.,2,2,.,.,.,2,0,.,.,.,0,5,.,.,.,5,.
2016,17539,South Carolina Electric&Gas Company,SC,.,12,27,.,39,.,.,.,.,.,.,32,125,.,157,.,.,.,.,.,.,299,6108,.,6407,.,.,.,.,.,.
2016,17543,South Carolina Public Service Authority,SC,.,.,20,.,20,.,.,400,.,400,.,.,502.7,.,502.7,.,.,0,.,0,.,.,79000,.,79000,.,.,0,.,0,.
2016,17548,South Central Public Pwr Dist,NE,.,.,913,.,913,.,.,0,.,0,.,.,55,.,55,.,.,42,.,42,.,.,2550,.,2550,.,.,220,.,220,.
2016,17561,South Plains Electric Coop Inc,TX,.,.,1702,.,1702,.,.,73,.,73,.,.,45,.,45,.,.,0,.,0,.,.,725,.,725,.,.,138,.,138,.
2016,17572,South River Elec Member Corp,NC,.,92,.,.,92,.,.,.,.,.,.,6.4,.,.,6.4,.,.,.,.,.,.,308,.,.,308,.,38,.,.,38,.
2016,17577,City of South Sioux City,NE,.,1,.,.,1,.,11293,.,.,11293,.,5,.,.,5,.,5,.,.,5,.,314,.,.,314,.,.,.,.,.,.
2016,17609,Southern California Edison Co,CA,671300,18024,1831,0,691155,.,.,.,.,.,219.1,1180.5,165.5,0,1565.1,218.6,866,70.7,0,1155.3,55692,109092,3769,.,168553,7412,1335,56,.,8803,0
2016,17612,Bear Valley Electric Service,CA,0,1,0,0,1,0,0,0,0,0,0,14,0,0,14,0,0,0,0,0,0,0,0,0,0,0,0,0,0,0,0
2016,17633,Southern Indiana Gas & Elec Co,IN,22624,480,3,0,23107,0,0,0,0,0,19.2,1.1,37.3,0,57.6,19.2,0,0,0,19.2,649,23,11,0,683,309,11,5,0,325,.
2016,17637,Southern Maryland Elec Coop Inc,MD,45744,50,.,.,45794,0,0,.,.,0,38.6,17,.,.,55.6,38.6,17,.,.,55.6,9724,1707,.,.,11431,25005,8337,.,.,33342,0
2016,17671,Southwest Arkansas E C C,AR,0,0,4,0,4,0,0,0,0,0,0,0,35.8,0,35.8,0,0,9.6,0,9.6,.,.,100,.,100,.,.,.,.,.,.
2016,17684,Southwest Louisiana E M C,LA,.,8,.,.,8,.,31,.,.,31,.,0.1,.,.,0.1,.,0.1,.,.,0.1,.,1,.,.,1,.,.,.,.,.,.
2016,17692,Southwest Public Power Dist,NE,.,.,1049,.,1049,.,.,.,.,.,.,.,21.7,.,21.7,.,.,18.5,.,18.5,.,.,25,.,25,.,.,.,.,.,.
2016,17698,Southwestern Electric Power Co,AR,0,9,0,0,9,0,0,0,0,0,0,10.6,0,0,10.6,0,9.3,0,0,9.3,0,0,0,0,0,0,0,0,0,0,0
2016,17698,Southwestern Electric Power Co,TX,0,19,0,0,19,0,0,0,0,0,0,7.6,0,0,7.6,0,6.4,0,0,6.4,0,0,0,0,0,0,0,0,0,0,0
2016,17718,Southwestern Public Service Co,NM,4100,0,.,.,4100,1,0,.,.,1,4.1,0,.,.,4.1,4.1,0,.,.,4.1,394,0,.,.,394,233,0,.,.,233,.
2016,17718,Southwestern Public Service Co,TX,6900,261,.,.,7161,0,32,.,.,32,13,4,.,.,17,13,4,.,.,17,368,229,.,.,597,184,43,.,.,227,.
2016,17868,St Croix Electric Coop,WI,3881,63,1,0,3945,0,0,0,0,0,12.4,2.6,0.5,0,15.5,3.8,0.8,0.2,0,4.8,743,158,31,0,932,135,29,6,0,170,.
2016,17876,City of St James - (MN),MN,430,47,0,0,477,1,1,0,0,2,1,2,0,0,3,0,0,0,0,0,12,1,0,0,13,0,0,0,0,0,.
2016,17900,City of Saint Peter,MN,1755,90,0,0,1845,16,1,0,0,17,0.1,0,0,0,0.1,0,0,0,0,0,35,3,0,0,38,2,3,0,0,5,0
2016,17979,Stanton County Public Pwr Dist,NE,129,0,181,0,310,0,0,0,0,0,0,0,5.7,0,5.7,0,0,5.7,0,5.7,3,0,0,0,3,0,0,26,0,26,.
2016,18087,Town of Sterling - (MA),MA,220,3,.,.,223,5,32,.,.,37,0.2,1.9,.,.,2.1,0.2,1.6,.,.,1.8,11,26,.,.,37,.,.,.,.,.,.
2016,18125,Stillwater Utilities Authority,OK,.,1,.,.,1,.,848,.,.,848,.,2,.,.,2,.,1,.,.,1,.,39,.,.,39,.,.,.,.,.,.
2016,18203,Tallapoosa River Elec Coop Inc,AL,.,.,1,.,1,.,.,0,.,0,.,.,3.2,.,3.2,.,.,0,.,0,.,.,0,.,0,.,.,0,.,0,.
2016,18280,Sulphur Springs Valley E C Inc,AZ,0,0,761,0,761,0,0,56,0,56,0,0,77.6,0,77.6,0,0,13,0,13,0,0,0,0,0,0,0,2,0,2,.
2016,18304,"Sumter Electric Coop, Inc",FL,.,21,.,.,21,.,131,.,.,131,.,17,.,.,17,.,14,.,.,14,.,.,.,.,.,.,242,.,.,242,.
2016,18383,Taylor Electric Coop - (WI),WI,1977,135,.,.,2112,.,.,.,.,.,4,2.2,.,.,6.2,1.5,0.8,.,.,2.3,223,119,.,.,342,22,12,.,.,34,.
2016,18445,City of Tallahassee - (FL),FL,0,12,0,0,12,0,0,0,0,0,0,44.7,0,0,44.7,0,0,0,0,0,0,5866,0,0,5866,0,0,0,0,0,0
2016,18454,Tampa Electric Co,FL,0,218,34,.,252,0,8673,33015,.,41688,0,87,138,.,225,0,0,0,.,0,413,5205,15804,.,21422,1269,1449,60,.,2778,.
2016,18488,City of Taunton,MA,.,11,.,.,11,.,34,.,.,34,.,12,.,.,12,.,9,.,.,9,.,10,.,.,10,.,.,.,.,.,.
2016,18642,Tennessee Valley Authority,AL,0,86,89,0,175,0,162,2590,0,2752,0,4,432,0,436,0,4,312,0,316,0,107,20966,0,21073,0,107,683,0,790,0
2016,18642,Tennessee Valley Authority,GA,0,0,5,0,5,0,0,82,0,82,0,0,27,0,27,0,0,11,0,11,0,0,1258,0,1258,0,0,7,0,7,.
2016,18642,Tennessee Valley Authority,KY,0,82,71,0,153,0,108,1267,0,1375,0,13,131,0,144,0,3,121,0,124,0,491,5740,0,6231,0,71,394,.,465,.
2016,18642,Tennessee Valley Authority,MS,0,32,32,0,64,0,62,565,0,627,0,3,402,0,405,0,2,58,0,60,0,98,18559,0,18657,0,41,170,0,211,.
2016,18642,Tennessee Valley Authority,NC,0,1,0,0,1,0,1,0,0,1,0,0,0,0,0,0,0,0,0,0,0,1,0,0,1,0,1,0,0,1,.
2016,18642,Tennessee Valley Authority,TN,0,660,431,0,1091,0,1198,4847,0,6045,0,49,592,0,641,0,30,410,0,440,0,1571,22834,0,24405,0,791,2425,0,3216,.
2016,18642,Tennessee Valley Authority,VA,0,3,3,0,6,0,5,9,0,14,0,0,0,0,0,0,0,0,0,0,0,3,6,0,9,0,3,6,0,9,.
2016,18820,City of Thief River Falls,MN,423,66,.,.,489,51,18,.,.,69,3,2,.,.,5,3,2,.,.,5,.,.,.,.,.,67,23,.,.,90,.
2016,18956,Tri-County Elec Member Corp,GA,3273,0,0,0,3273,0,0,0,0,0,3.2,0,0,0,3.2,3,0,0,0,3,82,0,0,0,82,12,0,0,0,12,0
2016,18997,The Toledo Edison Co,OH,1738,0,4,0,1742,8,0,0,0,8,1.1,0,193.2,0,194.3,1,0,0,0,1,16,0,12,0,28,215,0,0,0,215,.
2016,19157,Tri-County Electric Coop,MN,7185,257,7,.,7449,.,.,.,.,.,3.2,6.8,1.2,.,11.2,2.6,5.4,1,.,9,171,362,66,.,599,17,36,7,.,60,.
2016,19160,"Tri-County Electric Coop, Inc",OK,.,.,12,.,12,.,.,251,.,251,.,.,537,.,537,.,.,500,.,500,.,.,.,.,.,.,.,.,.,.,.
2016,19189,Trico Electric Cooperative Inc,AZ,.,.,26,.,26,.,.,0,.,0,.,.,9.1,.,9.1,.,.,0.3,.,0.3,.,.,.,.,.,.,.,.,.,.,.
2016,19327,TXU Energy Retail Co LP,TX,3215,.,.,.,3215,33,.,.,.,33,.,.,.,.,.,.,.,.,.,.,.,.,.,.,.,200,.,.,.,200,.
2016,19396,Tri-County Electric Coop,MI,5964,.,.,.,5964,.,.,.,.,.,25.1,.,.,.,25.1,22,.,.,.,22,489,.,.,.,489,19,.,.,.,19,98
2016,19446,Duke Energy Kentucky,KY,11121,8,6,.,11135,.,.,.,.,.,11.9,6.3,10.6,.,28.8,.,.,.,.,.,96,437,.,.,533,540,193,.,.,733,.
2016,19490,United Electric Coop Service Inc - (TX),TX,27291,5038,.,.,32329,23,21,.,.,44,1.7,1.5,.,.,3.2,1.7,1.5,.,.,3.2,26,.,.,.,26,.,.,.,.,.,.
2016,19499,"United Power, Inc",CO,6200,100,0,0,6300,1,1,0,0,2,6.7,0.5,0,0,7.2,6.7,0.5,0,0,7.2,180,25,0,0,205,1000,10,0,0,1010,.
2016,19547,Hawaiian Electric Co Inc,HI,35925,231,.,.,36156,348,241,.,.,589,14.8,18.5,.,.,33.3,.,.,.,.,.,1382,2609,.,.,3991,733,609,.,.,1342,360
2016,19687,City of Valley City,ND,312,102,.,.,414,.,.,.,.,.,4,3,.,.,7,3,2,.,.,5,61,96,.,.,157,17,.,.,.,17,.
2016,19728,"UNS Electric, Inc",AZ,.,53,.,.,53,.,3601,.,.,3601,.,8.3,.,.,8.3,.,0,.,.,0,.,0,.,.,0,.,181,.,.,181,.
2016,19788,City of Vermillion - (SD),SD,3655,.,.,.,3655,33,.,.,.,33,17,.,.,.,17,4,.,.,.,4,4,.,.,.,4,.,.,.,.,.,.
2016,19790,Verendrye Electric Coop Inc,ND,3243,360,0,0,3603,0,0,0,0,0,8.4,1,0,0,9.4,5.8,0.6,0,0,6.4,101,11,0,0,112,29,3,0,0,32,.
2016,19813,Vernon Electric Coop,WI,3631,201,0,0,3832,0,0,0,0,0,5.9,3.1,0,0,9,1.9,1,0,0,2.9,193,102,0,0,295,21,11,0,0,32,0
2016,19820,Victory Electric Coop Assn Inc,KS,.,.,117,.,117,.,.,5,.,5,.,.,9,.,9,.,.,9,.,9,.,.,325,.,325,.,.,8,.,8,.
2016,19876,Virginia Electric & Power Co,NC,3720,.,.,.,3720,.,.,.,.,.,6,.,.,.,6,4,.,.,.,4,143,.,.,.,143,137,.,.,.,137,0
2016,19876,Virginia Electric & Power Co,VA,98088,7,0,0,98095,.,.,.,.,.,143,6,0,0,149,95,4.3,0,0,99.3,3862,424,0,0,4286,5716,149,0,0,5865,0
2016,19947,City of Wadena - (MN),MN,543,42,26,0,611,290,30,57,0,377,5.6,0.6,0.8,0,7,3.1,0.3,0.4,0,3.8,159,49,12,0,220,14,1,1,0,16,0
2016,19951,City of Wadsworth - (OH),OH,1044,2,.,.,1046,1,.,.,.,1,1,.,.,.,1,.,.,.,.,.,42,.,.,.,42,.,.,.,.,.,.
2016,19968,City of Wahoo - (NE),NE,1800,13,.,.,1813,2,1,.,.,3,2,1,.,.,3,2,1,.,.,3,.,.,.,.,.,10,.,.,.,10,.
2016,19981,Wake Electric Membership Corp,NC,.,2,1,.,3,.,.,.,.,.,.,2.3,7,.,9.3,.,0,7,.,7,.,.,.,.,.,.,.,.,.,.,.
2016,20136,City of Waseca - (MN),MN,1480,113,.,.,1593,14,1,.,.,15,0.4,0.4,.,.,0.8,0.1,0,.,.,0.1,47,13,.,.,60,12,2,.,.,14,.
2016,20387,West Penn Power Company,PA,.,.,.,.,.,.,.,.,.,.,.,.,.,.,.,.,.,.,.,.,.,.,.,.,.,.,15,133,.,148,.
2016,20401,West River Electric Assn Inc,SD,2295,.,.,.,2295,.,.,.,.,.,21.2,.,.,.,21.2,11.1,.,.,.,11.1,78,.,.,.,78,54,.,.,.,54,.
2016,20404,AEP Texas North Company,TX,0,11,0,0,11,0,0,0,0,0,0,1.2,0,0,1.2,0,1.2,0,0,1.2,0,0,0,0,0,0,0,0,0,0,.
2016,20447,"Western Farmers Elec Coop, Inc",OK,.,1,4,.,5,.,0,0,.,0,.,1,10,.,11,.,0,0,.,0,.,23,245,.,268,.,.,.,.,.,.
2016,20455,Western Massachusetts Electric Company,MA,.,.,1,.,1,.,.,2,.,2,.,.,.,.,.,.,.,.,.,.,.,.,.,.,.,.,.,10,.,10,0
2016,20456,Twin Valleys Public Power Dist,NE,.,.,694,.,694,.,.,.,.,.,.,.,26.8,.,26.8,.,.,20.1,.,20.1,.,.,467,.,467,.,.,.,.,.,.
2016,20472,"Wharton County Elec Coop, Inc",TX,600,32,.,.,632,.,.,.,.,.,1,7,.,.,8,1,3,.,.,4,.,.,.,.,.,.,.,.,.,.,.
2016,20521,Wheeling Power Co,WV,122,0,0,0,122,0,0,0,0,0,0.1,0,0,0,0.1,0.1,0,0,0,0.1,0,0,0,0,0,0,0,0,0,0,.
2016,20639,"Wild Rice Electric Coop, Inc",MN,4818,45,1,.,4864,2169,127,19,.,2315,93,2,1,.,96,23.4,1,0,.,24.4,3117,307,142,.,3566,228,25,1,.,254,.
2016,20737,Willmar Municipal Utilities,MN,2107,108,.,.,2215,316,127,.,.,443,7.1,2.2,.,.,9.3,2.1,0.8,.,.,2.9,53,4,.,.,57,40,20,.,.,60,0
2016,20823,Winner Municipal Utility,SD,474,52,.,.,526,1,0,.,.,1,1,0,.,.,1,1,0,.,.,1,34,4,.,.,38,2,0,.,.,2,.
2016,20841,"Wiregrass Electric Coop, Inc",AL,2834,.,.,.,2834,.,.,.,.,.,3,.,.,.,3,3,.,.,.,3,.,.,.,.,.,205,.,.,.,205,200
2016,20847,Wisconsin Electric Power Co,MI,.,.,2,.,2,.,.,.,.,.,.,.,4.5,.,4.5,.,.,.,.,.,.,.,362,.,362,.,.,.,.,.,.
2016,20847,Wisconsin Electric Power Co,WI,.,24,64,.,88,.,.,.,.,.,.,8.5,124.3,.,132.8,.,.,.,.,.,.,253,1506,.,1759,.,.,.,.,.,.
2016,20856,Wisconsin Power & Light Co,WI,.,11,113,.,124,.,.,.,.,.,.,11,151,.,162,.,.,.,.,.,.,803,10765,.,11568,.,.,.,.,.,.
2016,20860,Wisconsin Public Service Corp,MI,78,.,2,.,80,1,.,0,.,1,0.1,.,3.4,.,3.5,.,.,.,.,.,3,.,214,.,217,.,.,.,.,.,.
2016,20860,Wisconsin Public Service Corp,WI,23444,307,28,.,23779,427,160,0,.,587,30,25.8,78,.,133.8,.,.,.,.,.,773,1253,3932,.,5958,.,.,.,.,.,.
2016,20963,Woodruff Electric Coop Corp,AR,.,.,3475,.,3475,.,.,6840,.,6840,.,.,60,.,60,.,.,53,.,53,.,.,3100,.,3100,.,.,50,.,50,.
2016,21002,York Electric Coop Inc,SC,4112,.,.,.,4112,.,.,.,.,.,15,.,.,.,15,4,.,.,.,4,106,.,.,.,106,640,.,.,.,640,0
2016,21013,City of Worthington - (MN),MN,2205,.,.,.,2205,.,.,.,.,.,6.6,.,.,.,6.6,2.2,.,.,.,2.2,.,.,.,.,.,37,.,.,.,37,.
2016,21111,Perennial Public Power Dist,NE,.,.,1362,.,1362,.,.,1131,.,1131,.,.,72,.,72,.,.,30,.,30,.,.,.,.,.,.,.,.,.,.,.
2016,21244,"Southside Electric Coop, Inc",VA,1603,.,.,.,1603,23,.,.,.,23,1,.,.,.,1,0.8,.,.,.,0.8,4,.,.,.,4,172,.,.,.,172,.
2016,21632,EnergyUnited Elec Member Corp,NC,12945,178,6,.,13129,223,113,102,.,438,11,6,6,.,23,11,6,5,.,22,.,.,.,.,.,.,.,.,.,.,.
2016,22053,Kentucky Power Co,KY,0,0,2,0,2,0,0,0,0,0,0,0,1.5,0,1.5,0,0,0,0,0,0,0,0,0,0,0,0,0,0,0,0
2016,22500,Westar Energy Inc,KS,29697,876,18,.,30591,.,.,.,.,.,.,8,57,.,65,.,.,.,.,.,.,189,1260,.,1449,383,11,.,.,394,.
2016,23826,Bluestem Electric Coop Inc,KS,.,12,203,.,215,.,.,5,.,5,.,4,.,.,4,.,3,.,.,3,.,.,146,.,146,.,2,25,.,27,.
2016,24211,Tucson Electric Power Co,AZ,0,225,0,0,225,0,20235,0,0,20235,0,27.7,0,0,27.7,0,27.7,0,0,27.7,0,0,0,0,0,0,432,0,0,432,0
2016,24949,Cass County Elec Coop Inc,ND,9097,410,527,.,10034,2556,1117,578,.,4251,263,109,54,.,426,71,29,15,.,115,4180,8763,471,.,13414,519,23,30,.,572,23
2016,25295,Western Indiana Energy REMC,IN,.,10,.,.,10,.,.,.,.,.,.,0.5,.,.,0.5,.,0.5,.,.,0.5,.,4,.,.,4,.,.,.,.,.,.
2016,26218,Little Ocmulgee El Member Corp,GA,.,.,259,.,259,.,.,0,.,0,.,.,4,.,4,.,.,2,.,2,.,.,.,.,.,.,.,20,.,20,.
2016,26934,"Red Lake Electric Coop, Inc",MN,2259,.,.,.,2259,784,.,.,.,784,52.5,.,.,.,52.5,14,.,.,.,14,673,.,.,.,673,29,.,.,.,29,.
2016,26939,Red River Valley Coop Pwr Assn,MN,2205,36,.,.,2241,.,.,.,.,.,56,5,.,.,61,17,2,.,.,19,13,.,.,.,13,86,5,.,.,91,.
2016,40051,Texas-New Mexico Power Co,TX,.,95,.,.,95,.,6,.,.,6,.,7.8,.,.,7.8,.,5.9,.,.,5.9,.,267,.,.,267,.,35,.,.,35,.
2016,40165,"Dixie Escalante R E A, Inc",UT,.,97,.,.,97,.,.,.,.,.,.,6.5,.,.,6.5,.,6.5,.,.,6.5,.,188,.,.,188,.,31,.,.,31,.
2016,40211,"Wabash Valley Power Assn, Inc",IL,4962,.,.,.,4962,.,.,.,.,.,10,.,.,.,10,8.6,.,.,.,8.6,482,.,.,.,482,293,.,.,.,293,.
2016,40211,"Wabash Valley Power Assn, Inc",IN,81,.,.,.,81,.,.,.,.,.,2.8,.,.,.,2.8,2,.,.,.,2,135,.,.,.,135,1,.,.,.,1,2
2016,40211,"Wabash Valley Power Assn, Inc",IN,20521,.,.,.,20521,0,.,.,.,0,41.8,.,.,.,41.8,38.4,.,.,.,38.4,2016,.,.,.,2016,436,.,.,.,436,0
2016,40211,"Wabash Valley Power Assn, Inc",MO,87,.,.,.,87,0,.,.,.,0,0.7,.,.,.,0.7,0.7,.,.,.,0.7,3,.,.,.,3,5,.,.,.,5,8
2016,40212,Colquitt Electric Membership Corp,GA,0,8,1963,.,1971,.,22,1787,.,1809,.,1,69,.,70,.,1,69,.,70,.,.,.,.,.,.,5,49,.,54,.
2016,40228,Rappahannock Electric Coop,VA,40296,10,18,0,40324,20,74,28,0,122,39,65,56,0,160,20,41,28,0,89,282,27,16,0,325,228,0,0,0,228,0
2016,44372,Oncor Electric Delivery Company LLC,TX,7062,161,0,0,7223,0,180,0,0,180,4.9,60,0,0,64.9,4.9,60,0,0,64.9,184,2401,0,0,2585,29,184,0,0,213,.
2016,55787,City of Moreno Valley - (CA),CA,15,13,0,0,28,0,34,0,0,34,0,0.5,0,0,0.5,0,0.1,0,0,0.1,0,0,0,0,0,25,2,0,0,27,.
2016,55937,Entergy Texas Inc.,TX,.,8,.,.,8,.,18,.,.,18,.,9,.,.,9,.,9,.,.,9,.,279,.,.,279,.,62,.,.,62,.
2016,60482,CKenergy Electric Cooperative,OK,415,758,22,0,1195,2,4,4,0,10,12,45,22,0,79,2,4,4.5,0,10.5,0,0,0,0,0,760,350,206,0,1316,.
