|Utility Characteristics.Year|,|Utility Characteristics.State|,|Utility Characteristics.Utility Number|,|Utility Characteristics.Utility Name|,|Utility Characteristics.BA_CODE|,|Number and Capacity (MW).Number of Generators|,|Number and Capacity (MW).Total Capacity|,|Number and Capacity (MW).Capacity Back-up Only|,|Number and Capacity (MW).Capacity Utility Owned|,|Photovoltaic.Type|,|Photovoltaic.Residential|,|Photovoltaic.Commercial|,|Photovoltaic.Industrial|,|Photovoltaic.Transportation|,|Photovoltaic.Direct Connected|,|Photovoltaic.Total|,|Storage.Residential|,|Storage.Commercial|,|Storage.Industrial|,|Storage.Transportation|,|Storage.Direct Connected|,|Storage.Total|,|Wind.Residential|,|Wind.Commercial|,|Wind.Industrial|,|Wind.Transportation|,|Wind.Direct Connected|,|Wind.Total|,|Hydroelectric.Residential|,|Hydroelectric.Commercial|,|Hydroelectric.Industrial|,|Hydroelectric.Transportation|,|Hydroelectric.Direct Connected|,|Hydroelectric.Total|,|Fuel Cells.Residential|,|Fuel Cells.Commercial|,|Fuel Cells.Industrial|,|Fuel Cells.Transportation|,|Fuel Cells.Direct Connected|,|Fuel Cells.Total|,|Internal Combustion.Residential|,|Internal Combustion.Commercial|,|Internal Combustion.Industrial|,|Internal Combustion.Transportation|,|Internal Combustion.Direct Connected|,|Internal Combustion.Total|,|Combustion Turbine.Residential|,|Combustion Turbine.Commercial|,|Combustion Turbine.Industrial|,|Combustion Turbine.Transportation|,|Combustion Turbine.Direct Connected|,|Combustion Turbine.Total|,|Steam.Residential|,|Steam.Commercial|,|Steam.Industrial|,|Steam.Transportation|,|Steam.Direct Connected|,|Steam.Total|,|Other.Residential|,|Other.Commercial|,|Other.Industrial|,|Other.Transportation|,|Other.Direct Connected|,|Other.Total|,|Total.Residential|,|Total.Commercial|,|Total.Industrial|,|Total.Transportation|,|Total.Direct Connected|,|.Total|
2016,MS,55,City of Aberdeen - (MS),TVA,1,0.01,.,.,AC,0.01,.,.,.,.,0.01,.,.,.,.,.,.,.,.,.,.,.,.,.,.,.,.,.,.,.,.,.,.,.,.,.,.,.,.,.,.,.,.,.,.,.,.,.,.,.,.,.,.,.,.,.,.,.,.,0.01,.,.,.,.,0.01
2016,IL,97,Adams Electric Coop,MISO,1,0.9,.,0.9,AC,.,.,.,.,.,0,.,.,.,.,.,0,.,.,.,.,0.9,0.9,.,.,.,.,.,0,.,.,.,.,.,0,.,.,.,.,.,0,.,.,.,.,.,0,.,.,.,.,.,0,.,.,.,.,.,0,0,0,0,0,0.9,0.9
2016,AL,195,Alabama Power Co,SOCO,101,0.651,.,.,,0.329,0.279,0.04,.,.,0.648,.,.,.,.,.,0,0.001,0.002,.,.,.,0.003,.,.,.,.,.,0,.,.,.,.,.,0,.,.,.,.,.,0,.,.,.,.,.,0,.,.,.,.,.,0,.,.,.,.,.,0,0.33,0.281,0.04,0,0,0.651
2016,AK,219,Alaska Power and Telephone Co,,29,13.815,7.77,13.815,AC,.,.,.,.,0.024,0.024,.,.,.,.,.,0,.,.,.,.,.,0,.,.,.,.,0.8,0.8,.,.,.,.,.,0,.,.,.,.,12.991,12.991,.,.,.,.,.,0,.,.,.,.,.,0,.,.,.,.,.,0,0,0,0,0,13.815,13.815
2016,AK,221,"Alaska Village Elec Coop, Inc",,118,18.075,3,17.8,,0.018,0.071,.,.,0.033,0.122,.,.,.,.,.,0,0.016,0.17,.,.,3.195,3.381,.,.,.,.,.,0,.,.,.,.,.,0,.,.,.,.,14.572,14.572,.,.,.,.,.,0,.,.,.,.,.,0,.,.,.,.,.,0,0.034,0.241,0,0,17.8,18.075
2016,NC,232,City of Albemarle - (NC),DUK,1,0.4,0.4,0,,.,.,.,.,.,0,.,.,.,.,.,0,.,.,.,.,.,0,.,.,.,.,.,0,.,.,.,.,.,0,.,0.4,.,.,.,0.4,.,.,.,.,.,0,.,.,.,.,.,0,.,.,.,.,.,0,0,0.4,0,0,0,0.4
2016,NC,240,Albemarle Electric Member Corp,PJM,9,0.043,.,0,AC,0.035,0.008,.,.,.,0.043,.,.,.,.,.,0,.,.,.,.,.,0,.,.,.,.,.,0,.,.,.,.,.,0,.,.,.,.,.,0,.,.,.,.,.,0,.,.,.,.,.,0,.,.,.,.,.,0,0.035,0.008,0,0,0,0.043
2016,AL,241,Albertville Municipal Utilities Board,TVA,1,0.01,.,.,AC,0.01,.,.,.,.,0.01,.,.,.,.,.,.,.,.,.,.,.,.,.,.,.,.,.,.,.,.,.,.,.,.,.,.,.,.,.,.,.,.,.,.,.,.,.,.,.,.,.,.,.,.,.,.,.,.,0.01,.,.,.,.,0.01
2016,MS,276,Alcorn County Elec Power Assn,TVA,3,0.07,.,.,AC,0.02,0.05,.,.,.,0.07,.,.,.,.,.,.,.,.,.,.,.,.,.,.,.,.,.,.,.,.,.,.,.,.,.,.,.,.,.,.,.,.,.,.,.,.,.,.,.,.,.,.,.,.,.,.,.,.,0.02,0.05,.,.,.,0.07
2016,MI,392,Alpena Power Co,MISO,1,0.012,0,0,AC,.,0.006,.,.,.,0.006,.,.,.,.,.,0,.,0.006,.,.,.,0.006,.,.,.,.,.,0,.,.,.,.,.,0,.,.,.,.,.,0,.,.,.,.,.,0,.,.,.,.,.,0,.,.,.,.,.,0,0,0.012,0,0,0,0.012
2016,TN,577,City of Alcoa Utilities,TVA,20,0.21,.,.,AC,0.11,0.1,.,.,.,0.21,.,.,.,.,.,.,.,.,.,.,.,.,.,.,.,.,.,.,.,.,.,.,.,.,.,.,.,.,.,.,.,.,.,.,.,.,.,.,.,.,.,.,.,.,.,.,.,.,0.11,0.1,.,.,.,0.21
2016,TN,727,Appalachian Electric Coop,TVA,24,0.349,.,.,AC,0.16,0.189,.,.,.,0.349,.,.,.,.,.,0,.,.,.,.,.,0,.,.,.,.,.,0,.,.,.,.,.,0,.,.,.,.,.,0,.,.,.,.,.,0,.,.,.,.,.,0,.,.,.,.,.,0,0.16,0.189,0,0,0,0.349
2016,VA,733,Appalachian Power Co,PJM,12,1.488,0,0,AC,0.008,0.013,0,0,0,0.021,0,0,0,0,0,0,0,0.002,0,0,0,0.002,0,0.11,0.4,0,0,0.51,0,0,0,0,0,0,0,0.45,0.44,0,0,0.89,0,0,0,0,0,0,0,0,0,0,0,0,0,0.065,0,0,0,0.065,0.008,0.64,0.84,0,0,1.488
2016,AL,750,Arab Electric Coop Inc,TVA,12,0.3,.,.,AC,0.1,0.2,.,.,.,0.3,.,.,.,.,.,.,.,.,.,.,.,.,.,.,.,.,.,.,.,.,.,.,.,.,.,.,.,.,.,.,.,.,.,.,.,.,.,.,.,.,.,.,.,.,.,.,.,.,0.1,0.2,.,.,.,0.3
2016,AL,944,City of Athens - (AL),TVA,13,0.23,.,.,AC,0.17,0.06,.,.,.,0.23,.,.,.,.,.,.,.,.,.,.,.,.,.,.,.,.,.,.,.,.,.,.,.,.,.,.,.,.,.,.,.,.,.,.,.,.,.,.,.,.,.,.,.,.,.,.,.,.,0.17,0.06,.,.,.,0.23
2016,TN,947,Athens Utility Board,TVA,35,0.57,.,.,AC,0.17,0.4,.,.,.,0.57,.,.,.,.,.,.,.,.,.,.,.,.,.,.,.,.,.,.,.,.,.,.,.,.,.,.,.,.,.,.,.,.,.,.,.,.,.,.,.,.,.,.,.,.,.,.,.,.,0.17,0.4,.,.,.,0.57
2016,TX,1015,Austin Energy,ERCO,4,1.122,.,.,AC,.,0.272,.,.,.,0.272,.,.,.,.,.,0,.,.,.,.,.,0,.,.,.,.,.,0,.,.,.,.,.,0,.,.,.,.,.,0,.,0.85,.,.,.,0.85,.,.,.,.,.,0,.,.,.,.,.,0,0,1.122,0,0,0,1.122
2016,MN,1101,Bagley Public Utilities Comm,MISO,10,2.696,0.421,0.067,,.,.,.,.,.,0,.,.,.,.,.,0,.,.,.,.,.,0,.,.,.,.,.,0,.,.,.,.,.,0,.,0.046,2.65,.,.,2.696,.,.,.,.,.,0,.,.,.,.,.,0,.,.,.,.,.,0,0,0.046,2.65,0,0,2.696
2016,KS,1525,City of Beloit - (KS),SWPP,1,0.8,0.8,0.8,,.,.,.,.,.,0,.,.,.,.,.,0,.,.,.,.,.,0,.,.,.,.,.,0,.,.,.,.,.,0,.,.,.,.,0.8,0.8,.,.,.,.,.,0,.,.,.,.,.,0,.,.,.,.,.,0,0,0,0,0,0.8,0.8
2016,TN,1578,Benton County,TVA,3,0.01,.,.,AC,0.01,.,.,.,.,0.01,.,.,.,.,.,.,.,.,.,.,.,.,.,.,.,.,.,.,.,.,.,.,.,.,.,.,.,.,.,.,.,.,.,.,.,.,.,.,.,.,.,.,.,.,.,.,.,.,0.01,.,.,.,.,0.01
2016,WI,1776,City of Black River Falls,MISO,3,0.013,.,.,DC,0.008,0.005,.,.,.,0.013,.,.,.,.,.,0,.,.,.,.,.,0,.,.,.,.,.,0,.,.,.,.,.,0,.,.,.,.,.,0,.,.,.,.,.,0,.,.,.,.,.,0,.,.,.,.,.,0,0.008,0.005,0,0,0,0.013
2016,KY,1886,Blue Grass Energy Coop Corp,PJM,27,6.985,6.985,0.535,,.,.,.,.,.,0,.,.,.,.,.,0,.,.,.,.,.,0,.,.,.,.,.,0,.,.,.,.,.,0,.,6.985,.,.,.,6.985,.,.,.,.,.,0,.,.,.,.,.,0,.,.,.,.,.,0,0,6.985,0,0,0,6.985
2016,NC,1889,Blue Ridge Elec Member Corp - (NC),DUK,5,0.6,.,.,AC,0.4,.,.,.,.,0.4,.,.,.,.,.,0,.,.,.,.,.,0,0.2,.,.,.,.,0.2,.,.,.,.,.,0,.,.,.,.,.,0,.,.,.,.,.,0,.,.,.,.,.,0,.,.,.,.,.,0,0.6,0,0,0,0,0.6
2016,GA,1891,Blue Ridge Mountain EMC - (GA),TVA,69,1.83,.,.,AC,0.36,1.46,.,.,.,1.82,.,.,.,.,.,.,0.01,.,.,.,.,0.01,.,.,.,.,.,.,.,.,.,.,.,.,.,.,.,.,.,.,.,.,.,.,.,.,.,.,.,.,.,.,.,.,.,.,.,.,0.37,1.46,.,.,.,1.83
2016,NC,1891,Blue Ridge Mountain EMC - (GA),TVA,82,13.27,.,.,AC,5.43,7.84,.,.,.,13.27,.,.,.,.,.,.,.,.,.,.,.,.,.,.,.,.,.,.,.,.,.,.,.,.,.,.,.,.,.,.,.,.,.,.,.,.,.,.,.,.,.,.,.,.,.,.,.,.,5.43,7.84,.,.,.,13.27
2016,TN,1936,Bolivar Energy Authority,TVA,3,0.04,.,.,AC,0.01,0.03,.,.,.,0.04,.,.,.,.,.,.,.,.,.,.,.,.,.,.,.,.,.,.,.,.,.,.,.,.,.,.,.,.,.,.,.,.,.,.,.,.,.,.,.,.,.,.,.,.,.,.,.,.,0.01,0.03,.,.,.,0.04
2016,TX,2049,"Bowie-Cass Electric Coop, Inc",SWPP,4,0.025,.,.,AC,0.02,0.005,.,.,.,0.025,.,.,.,.,.,0,.,.,.,.,.,0,.,.,.,.,.,0,.,.,.,.,.,0,.,.,.,.,.,0,.,.,.,.,.,0,.,.,.,.,.,0,.,.,.,.,.,0,0.02,0.005,0,0,0,0.025
2016,KY,2056,City of Bowling Green - (KY),TVA,4,0.02,.,.,AC,.,0.02,.,.,.,0.02,.,.,.,.,.,.,.,.,.,.,.,.,.,.,.,.,.,.,.,.,.,.,.,.,.,.,.,.,.,.,.,.,.,.,.,.,.,.,.,.,.,.,.,.,.,.,.,.,.,0.02,.,.,.,0.02
2016,UT,2220,Brigham City Corporation,PACE,3,2,.,.,AC,.,.,.,.,.,0,.,.,.,.,.,0,.,.,.,.,.,0,2,.,.,.,.,2,.,.,.,.,.,0,.,.,.,.,.,0,.,.,.,.,.,0,.,.,.,.,.,0,.,.,.,.,.,0,2,0,0,0,0,2
2016,TN,2247,City of Bristol - (TN),TVA,30,0.574,.,.,AC,0.264,0.31,.,.,.,0.574,.,.,.,.,.,0,.,.,.,.,.,0,.,.,.,.,.,0,.,.,.,.,.,0,.,.,.,.,.,0,.,.,.,.,.,0,.,.,.,.,.,0,.,.,.,.,.,0,0.264,0.31,0,0,0,0.574
2016,VA,2248,Bristol Virginia Utilities,TVA,15,0.25,.,.,AC,0.07,0.18,.,.,.,0.25,.,.,.,.,.,.,.,.,.,.,.,.,.,.,.,.,.,.,.,.,.,.,.,.,.,.,.,.,.,.,.,.,.,.,.,.,.,.,.,.,.,.,.,.,.,.,.,.,0.07,0.18,.,.,.,0.25
2016,WI,2273,Brodhead Water & Lighting Comm,MISO,1,0.006,.,0.006,,.,0.006,.,.,.,0.006,.,.,.,.,.,0,.,.,.,.,.,0,.,.,.,.,.,0,.,.,.,.,.,0,.,.,.,.,.,0,.,.,.,.,.,0,.,.,.,.,.,0,.,.,.,.,.,0,0,0.006,0,0,0,0.006
2016,MN,2316,Brown County Rural Elec Assn,MISO,1,0.08,0,0,AC,.,0.08,.,.,.,0.08,.,.,.,.,.,0,.,.,.,.,.,0,.,.,.,.,.,0,.,.,.,.,.,0,.,.,.,.,.,0,.,.,.,.,.,0,.,.,.,.,.,0,.,.,.,.,.,0,0,0.08,0,0,0,0.08
2016,TX,2409,Brownsville Public Utilities Board,ERCO,2,1,1,.,AC,.,.,.,.,.,0,.,.,.,.,.,0,.,.,.,.,.,0,.,.,.,.,.,0,.,.,.,.,.,0,0.43,0.56,0.01,.,.,1,.,.,.,.,.,0,.,.,.,.,.,0,.,.,.,.,.,0,0.43,0.56,0.01,0,0,1
2016,CA,2507,City of Burbank Water and Power,LDWP,2,0.5,.,0.5,AC,0.2,.,.,.,.,0.2,.,.,.,.,.,0,.,.,.,.,.,0,0.3,.,.,.,.,0.3,.,.,.,.,.,0,.,.,.,.,.,0,0,.,.,.,.,0,.,.,.,.,.,0,.,.,.,.,.,0,0.5,0,0,0,0,0.5
2016,VT,2548,City of Burlington Electric - (VT),ISNE,9,0.937,0,0.499,AC,0,0.937,0,0,0,0.937,0,0,0,0,0,0,0,0,0,0,0,0,0,0,0,0,0,0,0,0,0,0,0,0,0,0,0,0,0,0,0,0,0,0,0,0,0,0,0,0,0,0,0,0,0,0,0,0,0,0.937,0,0,0,0.937
2016,IA,2652,Butler County Rural Elec Coop - (IA),SWPP,31,0.657,.,0.147,AC,0.251,.,.,.,0.147,0.398,.,.,.,.,.,0,0.259,.,.,.,.,0.259,.,.,.,.,.,0,.,.,.,.,.,0,.,.,.,.,.,0,.,.,.,.,.,0,.,.,.,.,.,0,.,.,.,.,.,0,0.51,0,0,0,0.147,0.657
2016,MS,2849,Central Electric Power Assn - (MS),TVA,13,0.15,.,.,AC,0.03,0.12,.,.,.,0.15,.,.,.,.,.,.,.,.,.,.,.,.,.,.,.,.,.,.,.,.,.,.,.,.,.,.,.,.,.,.,.,.,.,.,.,.,.,.,.,.,.,.,.,.,.,.,.,.,0.03,0.12,.,.,.,0.15
2016,TN,2960,"Caney Fork Electric Coop, Inc",TVA,64,2.57,.,.,AC,0.3,2.24,.,.,.,2.54,.,.,.,.,.,.,0.02,.,.,.,.,0.02,.,0.01,.,.,.,0.01,.,.,.,.,.,.,.,.,.,.,.,.,.,.,.,.,.,.,.,.,.,.,.,.,.,.,.,.,.,.,0.32,2.25,.,.,.,2.57
2016,NC,3046,Duke Energy Progress - (NC),CPLE,334,37.129,0,0,AC,0.703,22.756,.,.,.,23.459,.,.,.,.,.,0,.,0.006,.,.,.,0.006,.,7.572,.,.,.,7.572,.,.,.,.,.,0,.,4.489,.,.,.,4.489,.,.,.,.,.,0,.,.,.,.,.,0,.,1.603,.,.,.,1.603,0.703,36.426,0,0,0,37.129
2016,SC,3046,Duke Energy Progress - (NC),CPLE,5,0.029,0,0,AC,0.016,0.013,.,.,.,0.029,.,.,.,.,.,0,.,.,.,.,.,0,.,.,.,.,.,0,.,.,.,.,.,0,.,.,.,.,.,0,.,.,.,.,.,0,.,.,.,.,.,0,.,.,.,.,.,0,0.016,0.013,0,0,0,0.029
2016,TN,3075,Carroll County - (TN),TVA,13,0.22,.,.,AC,0.06,0.16,.,.,.,0.22,.,.,.,.,.,.,.,.,.,.,.,.,.,.,.,.,.,.,.,.,.,.,.,.,.,.,.,.,.,.,.,.,.,.,.,.,.,.,.,.,.,.,.,.,.,.,.,.,0.06,0.16,.,.,.,0.22
2016,AL,3222,Central Alabama Electric Coop,AEC,16,1.087,.,.,DC,.,.,.,.,.,0,.,.,.,.,.,0,.,.,.,.,.,0,.,.,.,.,.,0,.,.,.,.,.,0,1.087,.,.,.,.,1.087,.,.,.,.,.,0,.,.,.,.,.,0,.,.,.,.,.,0,1.087,0,0,0,0,1.087
2016,TX,3278,AEP Texas Central Company,ERCO,502,8.493,0,0.022,,2.26,5.126,.,.,.,7.386,.,.,.,.,.,0,0.175,0.582,.,.,.,0.757,.,.,.,.,.,0,.,.,.,.,.,0,.,.,.,.,.,0,.,0.35,.,.,.,0.35,.,.,.,.,.,0,.,.,.,.,.,0,2.435,6.058,0,0,0,8.493
2016,IA,3314,"Chariton Valley Elec Coop, Inc",AECI,5,0.11,.,.,,0.03,0.08,.,.,.,0.11,.,.,.,.,.,0,.,.,.,.,.,0,.,.,.,.,.,0,.,.,.,.,.,0,.,.,.,.,.,0,.,.,.,.,.,0,.,.,.,.,.,0,.,.,.,.,.,0,0.03,0.08,0,0,0,0.11
2016,PA,3329,Borough of Chambersburg,PJM,24,1.76,0.041,0.48,AC,.,.,.,.,.,0,.,.,.,.,.,0,.,.,.,.,.,0,.,.,.,.,.,0,.,.,.,.,.,0,.,1,0.35,.,.,1.35,.,.,.,.,.,0,.,.,.,.,.,0,.,0.41,.,.,.,0.41,0,1.41,0.35,0,0,1.76
2016,MN,3400,City of Chaska - (MN),MISO,1,0.158,.,.,AC,.,.,.,.,.,0,.,.,.,.,.,0,.,.,.,.,0.158,0.158,.,.,.,.,.,0,.,.,.,.,.,0,.,.,.,.,.,0,.,.,.,.,.,0,.,.,.,.,.,0,.,.,.,.,.,0,0,0,0,0,0.158,0.158
2016,GA,3408,City of Chattanooga - (TN),TVA,2,0.01,.,.,AC,0.01,.,.,.,.,0.01,.,.,.,.,.,.,.,.,.,.,.,.,.,.,.,.,.,.,.,.,.,.,.,.,.,.,.,.,.,.,.,.,.,.,.,.,.,.,.,.,.,.,.,.,.,.,.,.,0.01,.,.,.,.,0.01
2016,TN,3408,City of Chattanooga - (TN),TVA,194,4.83,.,.,AC,1.018,3.812,.,.,.,4.83,.,.,.,.,.,0,.,.,.,.,.,0,.,.,.,.,.,0,.,.,.,.,.,0,.,.,.,.,.,0,.,.,.,.,.,0,.,.,.,.,.,0,.,.,.,.,.,0,1.018,3.812,0,0,0,4.83
2016,WA,3413,PUD No 1 of Chelan County,CHPD,29,0.136,0,0,DC,.,.,.,.,0.096,0.096,.,.,.,.,0,0,.,.,.,.,0.04,0.04,.,.,.,.,.,0,.,.,.,.,.,0,.,.,.,.,.,0,.,.,.,.,.,0,.,.,.,.,.,0,.,.,.,.,.,0,0,0,0,0,0.136,0.136
2016,MI,3436,Cherryland Electric Coop Inc,MISO,5,0.105,.,0.05,AC,0.105,.,.,.,.,0.105,.,.,.,.,.,0,.,.,.,.,.,0,.,.,.,.,.,0,.,.,.,.,.,0,.,.,.,.,.,0,.,.,.,.,.,0,.,.,.,.,.,0,.,.,.,.,.,0,0.105,0,0,0,0,0.105
2016,FL,3502,"Choctawhatche Elec Coop, Inc",AEC,3,0.44,.,.,AC,.,.,.,.,.,0,.,.,.,.,.,0,.,.,.,.,.,0,.,.,.,.,.,0,.,.,.,.,.,0,.,.,.,.,.,0,.,.,.,.,.,0,.,.,.,.,.,0,0.44,.,.,.,.,0.44,0.44,0,0,0,0,0.44
2016,MD,3503,"Choptank Electric Coop, Inc",PJM,3,1.954,0,0,AC,0,0,0.3,0,1.354,1.654,0,0,0,0,0,0,0,0,0.3,0,0,0.3,0,0,0,0,0,0,0,0,0,0,0,0,0,0,0,0,0,0,0,0,0,0,0,0,0,0,0,0,0,0,0,0,0,0,0,0,0,0,0.6,0,1.354,1.954
2016,AK,3522,Chugach Electric Assn Inc,CEA,7,0.726,0.07,.,AC,.,0.036,.,.,.,0.036,.,.,.,.,.,0,.,.,.,.,.,0,.,.,.,.,.,0,.,.,.,.,.,0,.,.,.,.,.,0,.,0.69,.,.,.,0.69,.,.,.,.,.,0,.,.,.,.,.,0,0,0.726,0,0,0,0.726
2016,OH,3542,Duke Energy Ohio Inc,PJM,10,4.213,.,.,AC,0.006,0.645,.,.,.,0.651,.,.,.,.,.,0,.,.,.,.,.,0,.,.,.,.,.,0,.,.,.,.,.,0,.,3.3,.,.,.,3.3,.,.,0.262,.,.,0.262,.,.,.,.,.,0,.,.,.,.,.,0,0.006,3.945,0.262,0,0,4.213
2016,WA,3660,PUD No 1 of Clark County - (WA),BPAT,29,6.9,6.9,1.1,AC,.,.,.,.,.,0,.,.,.,.,.,0,.,.,.,.,.,0,.,.,.,.,.,0,.,.,.,.,.,0,.,2.1,4.8,.,.,6.9,.,.,.,.,.,0,.,.,.,.,.,0,.,.,.,.,.,0,0,2.1,4.8,0,0,6.9
2016,TN,3704,City of Clarksville - (TN),TVA,14,0.21,.,.,AC,0.03,0.18,.,.,.,0.21,.,.,.,.,.,.,.,.,.,.,.,.,.,.,.,.,.,.,.,.,.,.,.,.,.,.,.,.,.,.,.,.,.,.,.,.,.,.,.,.,.,.,.,.,.,.,.,.,0.03,0.18,.,.,.,0.21
2016,TN,3758,City of Cleveland - (TN),TVA,10,0.46,.,.,AC,0.03,0.43,.,.,.,0.46,.,.,.,.,.,.,.,.,.,.,.,.,.,.,.,.,.,.,.,.,.,.,.,.,.,.,.,.,.,.,.,.,.,.,.,.,.,.,.,.,.,.,.,.,.,.,.,.,0.03,0.43,.,.,.,0.46
2016,TN,3812,City of Clinton - (TN),TVA,14,0.104,.,.,AC,0.086,0.018,.,.,.,0.104,.,.,.,.,.,0,.,.,.,.,.,0,.,.,.,.,.,0,.,.,.,.,.,0,.,.,.,.,.,0,.,.,.,.,.,0,.,.,.,.,.,0,.,.,.,.,.,0,0.086,0.018,0,0,0,0.104
2016,MS,3841,Coast Electric Power Assn,SOCO,43,0.33,.,.,AC,0.33,.,.,.,.,0.33,.,.,.,.,.,0,.,.,.,.,.,0,.,.,.,.,.,0,.,.,.,.,.,0,.,.,.,.,.,0,.,.,.,.,.,0,.,.,.,.,.,0,.,.,.,.,.,0,0.33,0,0,0,0,0.33
2016,TN,3855,Columbia Power System,TVA,9,0.16,.,.,AC,0.09,0.07,.,.,.,0.16,.,.,.,.,.,.,.,.,.,.,.,.,.,.,.,.,.,.,.,.,.,.,.,.,.,.,.,.,.,.,.,.,.,.,.,.,.,.,.,.,.,.,.,.,.,.,.,.,0.09,0.07,.,.,.,0.16
2016,CA,4003,City of Colton - (CA),CISO,1,0.98,0,0,AC,.,.,.,.,0.98,0.98,.,.,.,.,.,0,.,.,.,.,.,0,.,.,.,.,.,0,.,.,.,.,.,0,.,.,.,.,.,0,.,.,.,.,.,0,.,.,.,.,.,0,.,.,.,.,.,0,0,0,0,0,0.98,0.98
2016,OR,4005,"Columbia Basin Elec Cooperative, Inc",BPAT,2,0.2,0,0,AC,0.1,0.1,.,.,.,0.2,.,.,.,.,.,0,.,.,.,.,.,0,.,.,.,.,.,0,.,.,.,.,.,0,.,.,.,.,.,0,.,.,.,.,.,0,.,.,.,.,.,0,.,.,.,.,.,0,0.1,0.1,0,0,0,0.2
2016,MO,4045,City of Columbia - (MO),MISO,1,0.268,.,0.268,AC,.,.,.,.,0.268,0.268,.,.,.,.,.,0,.,.,.,.,.,0,.,.,.,.,.,0,.,.,.,.,.,0,.,.,.,.,.,0,.,.,.,.,.,0,.,.,.,.,.,0,.,.,.,.,.,0,0,0,0,0,0.268,0.268
2016,MO,4063,Co-Mo Electric Coop Inc,AECI,3,0.8,0.8,0.8,AC,.,.,.,.,.,0,.,.,.,.,.,0,.,.,.,.,.,0,.,.,.,.,.,0,.,.,.,.,.,0,.,0.8,.,.,.,0.8,.,.,.,.,.,0,.,.,.,.,.,0,.,.,.,.,.,0,0,0.8,0,0,0,0.8
2016,WI,4073,City of Columbus - (WI),MISO,1,0.001,.,.,DC,0.001,.,.,.,.,0.001,.,.,.,.,.,0,.,.,.,.,.,0,.,.,.,.,.,0,.,.,.,.,.,0,.,.,.,.,.,0,.,.,.,.,.,0,.,.,.,.,.,0,.,.,.,.,.,0,0.001,0,0,0,0,0.001
2016,IL,4110,Commonwealth Edison Co,PJM,383,7.641,0,0,AC,0.511,5.91,.,.,.,6.421,.,0.45,.,.,.,0.45,0.018,0.252,.,.,.,0.27,.,.,.,.,.,0,.,.,.,.,.,0,.,0.5,.,.,.,0.5,.,.,.,.,.,0,.,.,.,.,.,0,.,.,.,.,.,0,0.529,7.112,0,0,0,7.641
2016,CT,4176,Connecticut Light & Power Co,ISNE,90,19.962,5.3,0,AC,.,1.137,.,.,0.242,1.379,.,.,.,.,.,0,.,.,.,.,.,0,.,.,.,.,4.384,4.384,.,.,.,.,.,0,0.075,10.284,1.135,.,0.15,11.644,.,1.49,.,.,0.065,1.555,.,0.15,.,.,.,0.15,.,.,.,.,0.85,0.85,0.075,13.061,1.135,0,5.691,19.962
2016,NY,4226,Consolidated Edison Co-NY Inc,NYIS,229,35.392,.,.,AC,.,.,.,.,.,0,.,1.327,.,.,.,1.327,.,.,.,.,.,0,.,.,.,.,.,0,.,.,.,.,.,0,.,22.666,.,.,.,22.666,.,10.149,.,.,.,10.149,.,1.25,.,.,.,1.25,.,.,.,.,.,0,0,35.392,0,0,0,35.392
2016,WI,4247,Consolidated Water Power Co,MISO,39,35.687,0,35.687,,.,.,.,.,.,0,.,.,.,.,.,0,.,.,.,.,.,0,.,.,.,.,35.687,35.687,.,.,.,.,.,0,.,.,.,.,.,0,.,.,.,.,.,0,.,.,.,.,.,0,.,.,.,.,.,0,0,0,0,0,35.687,35.687
2016,MI,4254,Consumers Energy Co,MISO,482,17.08,2.6,2,DC,5.945,1.175,0.055,.,.,7.175,.,.,.,.,.,0,0.067,0.23,.,.,.,0.297,.,0.05,.,.,3.928,3.978,.,0.25,.,.,.,0.25,.,0.59,0.73,.,3.615,4.935,.,.,.,.,.,0,.,.,.,.,.,0,.,0.045,0.4,.,.,0.445,6.012,2.34,1.185,0,7.543,17.08
2016,AR,4280,Conway Corporation,MISO,6,2.6,2.6,2.6,AC,.,.,.,.,.,0,.,.,.,.,.,0,.,.,.,.,.,0,.,.,.,.,.,0,.,.,.,.,.,0,.,2.6,.,.,.,2.6,.,.,.,.,.,0,.,.,.,.,.,0,.,.,.,.,.,0,0,2.6,0,0,0,2.6
2016,TN,4294,City of Cookeville - (TN),TVA,10,0.26,.,.,AC,0.02,0.24,.,.,.,0.26,.,.,.,.,.,.,.,.,.,.,.,.,.,.,.,.,.,.,.,.,.,.,.,.,.,.,.,.,.,.,.,.,.,.,.,.,.,.,.,.,.,.,.,.,.,.,.,.,0.02,0.24,.,.,.,0.26
2016,OK,4401,"Cotton Electric Coop, Inc",SWPP,31,0.082,0,0,,0.043,.,.,.,.,0.043,.,.,.,.,.,0,0.038,0.001,.,.,.,0.039,.,.,.,.,.,0,.,.,.,.,.,0,.,.,.,.,.,0,.,.,.,.,.,0,.,.,.,.,.,0,.,.,.,.,.,0,0.081,0.001,0,0,0,0.082
2016,AL,4617,Cullman Power Board,TVA,2,0.04,.,.,AC,0.01,0.03,.,.,.,0.04,.,.,.,.,.,.,.,.,.,.,.,.,.,.,.,.,.,.,.,.,.,.,.,.,.,.,.,.,.,.,.,.,.,.,.,.,.,.,.,.,.,.,.,.,.,.,.,.,0.01,0.03,.,.,.,0.04
2016,AL,4618,"Cullman Electric Coop, Inc",TVA,27,0.87,.,.,AC,0.16,0.71,.,.,.,0.87,.,.,.,.,.,.,.,.,.,.,.,.,.,.,.,.,.,.,.,.,.,.,.,.,.,.,.,.,.,.,.,.,.,.,.,.,.,.,.,.,.,.,.,.,.,.,.,.,0.16,0.71,.,.,.,0.87
2016,TN,4624,Cumberland Elec Member Corp,TVA,75,2.2,.,.,AC,0.46,0.74,.,.,.,1.2,.,.,.,.,.,.,.,.,.,.,.,.,.,.,.,.,.,.,.,.,.,.,.,.,.,.,.,.,.,.,.,.,.,.,.,.,.,.,.,.,.,.,.,1,.,.,.,1,0.46,1.74,.,.,.,2.2
2016,NE,4671,Custer Public Power District,SWPP,6,2.325,.,.,AC,.,.,.,.,2.325,2.325,.,.,.,.,.,0,.,.,.,.,.,0,.,.,.,.,.,0,.,.,.,.,.,0,.,.,.,.,.,0,.,.,.,.,.,0,.,.,.,.,.,0,.,.,.,.,.,0,0,0,0,0,2.325,2.325
2016,OH,4683,City of Cuyahoga Falls - (OH),PJM,3,0.2,0,0,,.,0.1,.,.,.,0.1,.,.,.,.,.,0,.,0.1,.,.,.,0.1,.,.,.,.,.,0,.,.,.,.,.,0,.,.,.,.,.,0,.,.,.,.,.,0,.,.,.,.,.,0,.,.,.,.,.,0,0,0.2,0,0,0,0.2
2016,KS,4704,"DS&O Electric Cooperative, Inc.",SWPP,9,1.05,.,1,AC,.,.,.,.,.,0,.,.,.,.,.,0,0.05,.,.,.,.,0.05,.,.,.,.,.,0,.,.,.,.,.,0,.,.,.,.,.,0,.,.,.,.,1,1,.,.,.,.,.,0,.,.,.,.,.,0,0.05,0,0,0,1,1.05
2016,SD,4720,Dakota Energy Coop Inc,WACM,3,0.15,.,.,,0.05,.,.,.,.,0.05,.,.,.,.,.,0,0.1,.,.,.,.,0.1,.,.,.,.,.,0,.,.,.,.,.,0,.,.,.,.,.,0,.,.,.,.,.,0,.,.,.,.,.,0,.,.,.,.,.,0,0.15,0,0,0,0,0.15
2016,GA,4744,Dalton Utilities,SOCO,38,9.33,8.43,1.95,,.,0.1,0.1,.,0.7,0.9,.,.,.,.,.,0,.,.,.,.,.,0,.,.,.,.,.,0,.,.,.,.,.,0,.,6.98,1.45,.,0,8.43,.,.,.,.,.,0,.,.,.,.,.,0,.,.,.,.,.,0,0,7.08,1.55,0,0.7,9.33
2016,TN,4920,City of Dayton - (TN),TVA,2,0.02,.,.,AC,0.02,.,.,.,.,0.02,.,.,.,.,.,.,.,.,.,.,.,.,.,.,.,.,.,.,.,.,.,.,.,.,.,.,.,.,.,.,.,.,.,.,.,.,.,.,.,.,.,.,.,.,.,.,.,.,0.02,.,.,.,.,0.02
2016,AL,4958,Decatur Utilities,TVA,3,0.244,.,.,AC,0.046,0.198,.,.,.,0.244,.,.,.,.,.,0,.,.,.,.,.,0,.,.,.,.,.,0,.,.,.,.,.,0,.,.,.,.,.,0,.,.,.,.,.,0,.,.,.,.,.,0,.,.,.,.,.,0,0.046,0.198,0,0,0,0.244
2016,TX,5063,City of Denton - (TX),ERCO,7,0.315,.,.,DC,.,0.01,.,.,.,0.01,.,.,.,.,.,0,.,0.305,.,.,.,0.305,.,.,.,.,.,0,.,.,.,.,.,0,.,.,.,.,.,0,.,.,.,.,.,0,.,.,.,.,.,0,.,.,.,.,.,0,0,0.315,0,0,0,0.315
2016,DE,5070,Delaware Electric Cooperative,PJM,1,0.4,0,0.4,DC,.,.,.,.,.,0,.,.,.,.,.,0,.,.,.,.,.,0,.,.,.,.,.,0,.,.,.,.,.,0,.,0.4,.,.,.,0.4,.,.,.,.,.,0,.,.,.,.,.,0,.,.,.,.,.,0,0,0.4,0,0,0,0.4
2016,TX,5078,"Denton County Elec Coop, Inc",ERCO,2,0.148,0,0,DC,0.12,.,.,.,.,0.12,0.028,.,.,.,.,0.028,.,.,.,.,.,0,.,.,.,.,.,0,.,.,.,.,.,0,.,.,.,.,.,0,.,.,.,.,.,0,.,.,.,.,.,0,.,.,.,.,.,0,0.148,0,0,0,0,0.148
2016,CO,5086,Delta Montrose Electric Assn,WACM,3,0.19,.,.,DC,0.19,.,.,.,.,0.19,.,.,.,.,.,0,.,.,.,.,.,0,.,.,.,.,.,0,.,.,.,.,.,0,.,.,.,.,.,0,.,.,.,.,.,0,.,.,.,.,.,0,.,.,.,.,.,0,0.19,0,0,0,0,0.19
2016,MI,5109,DTE Electric Company,MISO,1425,25.563,.,13.19,AC,3.1,3.673,.,.,13.19,19.963,.,.,.,.,1,1,.,0.5,.,.,.,0.5,.,.,.,.,.,0,.,.,.,.,.,0,.,.,3,.,.,3,.,.,0.6,.,.,0.6,.,.,.,.,.,0,.,.,0.5,.,.,0.5,3.1,4.173,4.1,0,14.19,25.563
2016,TN,5148,City of Dickson,TVA,27,0.72,.,.,AC,0.15,0.22,0.35,.,.,0.72,.,.,.,.,.,.,.,.,.,.,.,.,.,.,.,.,.,.,.,.,.,.,.,.,.,.,.,.,.,.,.,.,.,.,.,.,.,.,.,.,.,.,.,.,.,.,.,.,0.15,0.22,0.35,.,.,0.72
2016,MS,5175,Dixie Electric Power Assn,MISO,4,0.023,0,0,AC,0.023,.,.,.,.,0.023,.,.,.,.,.,0,.,.,.,.,.,0,.,.,.,.,.,0,.,.,.,.,.,0,.,.,.,.,.,0,.,.,.,.,.,0,.,.,.,.,.,0,.,.,.,.,.,0,0.023,0,0,0,0,0.023
2016,LA,5202,Dixie Electric Membership Corp,MISO,68,0.38,.,.,DC,0.365,0.015,.,.,.,0.38,.,.,.,.,.,0,.,.,.,.,.,0,.,.,.,.,.,0,.,.,.,.,.,0,.,.,.,.,.,0,.,.,.,.,.,0,.,.,.,.,.,0,.,.,.,.,.,0,0.365,0.015,0,0,0,0.38
2016,TN,5399,Duck River Elec Member Corp,TVA,43,0.769,.,.,AC,0.273,0.496,.,.,.,0.769,.,.,.,.,.,0,.,.,.,.,.,0,.,.,.,.,.,0,.,.,.,.,.,0,.,.,.,.,.,0,.,.,.,.,.,0,.,.,.,.,.,0,.,.,.,.,.,0,0.273,0.496,0,0,0,0.769
2016,NC,5416,"Duke Energy Carolinas, LLC",DUK,227,23.917,0,4.337,AC,0.43,15.976,.,.,.,16.406,.,.,.,.,.,0,.,0.004,.,.,.,0.004,.,5.751,.,.,.,5.751,.,.,.,.,.,0,.,.,.,.,.,0,.,.,.,.,.,0,.,.,.,.,.,0,.,1.756,.,.,.,1.756,0.43,23.487,0,0,0,23.917
2016,SC,5416,"Duke Energy Carolinas, LLC",DUK,18,3.426,0,0,AC,0.044,0.182,.,.,.,0.226,.,.,.,.,.,0,.,.,.,.,.,0,.,3.2,.,.,.,3.2,.,.,.,.,.,0,.,.,.,.,.,0,.,.,.,.,.,0,.,.,.,.,.,0,.,.,.,.,.,0,0.044,3.382,0,0,0,3.426
2016,MN,5574,East Central Energy,MISO,66,0.681,0,0,AC,0.361,0.092,0,0,0,0.453,.,.,.,.,.,0,0.144,0.084,0,0,0,0.228,.,.,.,.,.,0,.,.,.,.,.,0,.,.,.,.,.,0,.,.,.,.,.,0,.,.,.,.,.,0,.,.,.,.,.,0,0.505,0.176,0,0,0,0.681
2016,WI,5574,East Central Energy,MISO,11,0.073,0,0,AC,0.051,0,0,0,0,0.051,.,.,.,.,.,0,0.022,0,0,0,0,0.022,.,.,.,.,.,0,.,.,.,.,.,0,.,.,.,.,.,0,.,.,.,.,.,0,.,.,.,.,.,0,.,.,.,.,.,0,0.073,0,0,0,0,0.073
2016,MN,5575,City of East Grand Forks - (MN),MISO,2,1.5,1.5,.,,.,.,.,.,.,0,.,.,.,.,.,0,.,.,.,.,.,0,.,.,.,.,.,0,.,.,.,.,.,0,.,.,.,.,1.5,1.5,.,.,.,.,.,0,.,.,.,.,.,0,.,.,.,.,.,0,0,0,0,0,1.5,1.5
2016,MS,5578,East Mississippi Elec Pwr Assn,TVA,1,0.01,.,.,AC,.,0.01,.,.,.,0.01,.,.,.,.,.,.,.,.,.,.,.,.,.,.,.,.,.,.,.,.,.,.,.,.,.,.,.,.,.,.,.,.,.,.,.,.,.,.,.,.,.,.,.,.,.,.,.,.,.,0.01,.,.,.,0.01
2016,IA,5605,Eastern Iowa Light & Power Coop,MISO,10,0.565,.,.,AC,0.029,0.533,.,.,.,0.562,.,.,.,.,.,0,0.003,.,.,.,.,0.003,.,.,.,.,.,0,.,.,.,.,.,0,.,.,.,.,.,0,.,.,.,.,.,0,.,.,.,.,.,0,.,.,.,.,.,0,0.032,0.533,0,0,0,0.565
2016,ME,5609,Eastern Maine Electric Coop,NBSO,19,0.087,0,0,,0.035,.,.,.,.,0.035,.,.,.,.,.,0,0.052,.,.,.,.,0.052,.,.,.,.,.,0,.,.,.,.,.,0,.,.,.,.,.,0,.,.,.,.,.,0,.,.,.,.,.,0,.,.,.,.,.,0,0.087,0,0,0,0,0.087
2016,TN,5763,City of Elizabethton - (TN),TVA,15,0.17,.,.,AC,0.09,0.08,.,.,.,0.17,.,.,.,.,.,.,.,.,.,.,.,.,.,.,.,.,.,.,.,.,.,.,.,.,.,.,.,.,.,.,.,.,.,.,.,.,.,.,.,.,.,.,.,.,.,.,.,.,0.09,0.08,.,.,.,0.17
2016,CO,5862,"Empire Electric Assn, Inc",WACM,4,0.554,0,0.032,DC,0.032,0.072,.,.,.,0.104,.,.,.,.,.,0,.,.,.,.,.,0,.,0.45,.,.,.,0.45,.,.,.,.,.,0,.,.,.,.,.,0,.,.,.,.,.,0,.,.,.,.,.,0,.,.,.,.,.,0,0.032,0.522,0,0,0,0.554
2016,TN,5961,Town of Erwin - (TN),TVA,4,0.03,.,.,AC,0.02,0.01,.,.,.,0.03,.,.,.,.,.,.,.,.,.,.,.,.,.,.,.,.,.,.,.,.,.,.,.,.,.,.,.,.,.,.,.,.,.,.,.,.,.,.,.,.,.,.,.,.,.,.,.,.,0.02,0.01,.,.,.,0.03
2016,TN,6008,City of Etowah,TVA,2,0.01,.,.,AC,0.01,.,.,.,.,0.01,.,.,.,.,.,.,.,.,.,.,.,.,.,.,.,.,.,.,.,.,.,.,.,.,.,.,.,.,.,.,.,.,.,.,.,.,.,.,.,.,.,.,.,.,.,.,.,.,0.01,.,.,.,.,0.01
2016,OR,6022,City of Eugene - (OR),BPAT,39,3.022,.,.,AC,0.013,2.209,.,.,.,2.222,.,.,.,.,.,0,.,.,.,.,.,0,.,.,.,.,.,0,.,.,.,.,.,0,.,0.8,.,.,.,0.8,.,.,.,.,.,0,.,.,.,.,.,0,.,.,.,.,.,0,0.013,3.009,0,0,0,3.022
2016,WI,6043,City of Evansville,MISO,3,0.109,.,.,DC,0.009,.,.,.,.,0.009,.,.,.,.,.,0,.,0.1,.,.,.,0.1,.,.,.,.,.,0,.,.,.,.,.,0,.,.,.,.,.,0,.,.,.,.,.,0,.,.,.,.,.,0,.,.,.,.,.,0,0.009,0.1,0,0,0,0.109
2016,IA,6112,"Farmers Electric Coop, Inc - (IA)",MISO,3,0.1,.,.,,.,.,.,.,.,0,.,.,.,.,.,0,.,0.1,.,.,.,0.1,.,.,.,.,.,0,.,.,.,.,.,0,.,.,.,.,.,0,.,.,.,.,.,0,.,.,.,.,.,0,.,.,.,.,.,0,0,0.1,0,0,0,0.1
2016,WA,6149,City of Ellensburg - (WA),BPAT,24,0.5,.,0.3,DC,0.5,.,.,.,.,0.5,.,.,.,.,.,0,.,.,.,.,.,0,.,.,.,.,.,0,.,.,.,.,.,0,.,.,.,.,.,0,.,.,.,.,.,0,.,.,.,.,.,0,.,.,.,.,.,0,0.5,0,0,0,0,0.5
2016,IA,6168,Farmers Electric Coop - (IA),MISO,39,8.3,.,6,,0.5,.,.,.,1.8,2.3,.,.,.,.,.,0,.,.,.,.,.,0,.,.,.,.,.,0,.,.,.,.,.,0,.,.,.,.,6,6,.,.,.,.,.,0,.,.,.,.,.,0,.,.,.,.,.,0,0.5,0,0,0,7.8,8.3
2016,MO,6205,City of Farmington - (MO),MISO,33,5.8,.,.,AC,.,.,.,.,.,0,.,.,.,.,.,0,.,.,.,.,.,0,.,.,.,.,.,0,.,.,.,.,.,0,.,.,.,.,.,0,.,5.8,.,.,.,5.8,.,.,.,.,.,0,.,.,.,.,.,0,0,5.8,0,0,0,5.8
2016,TN,6234,City of Fayetteville,TVA,46,5.67,.,.,AC,1.82,3.85,.,.,.,5.67,.,.,.,.,.,.,.,.,.,.,.,.,.,.,.,.,.,.,.,.,.,.,.,.,.,.,.,.,.,.,.,.,.,.,.,.,.,.,.,.,.,.,.,.,.,.,.,.,1.82,3.85,.,.,.,5.67
2016,MA,6374,Fitchburg Gas & Elec Light Co,ISNE,11,0.322,.,.,AC,0.262,.,.,.,.,0.262,.,.,.,.,.,0,.,.,.,.,.,0,.,.,.,.,.,0,.,.,.,.,.,0,.,0.06,.,.,.,0.06,.,.,.,.,.,0,.,.,.,.,.,0,.,.,.,.,.,0,0.262,0.06,0,0,0,0.322
2016,AL,6422,City of Florence - (AL),TVA,6,0.089,.,.,AC,0.089,.,.,.,.,0.089,.,.,.,.,.,0,.,.,.,.,.,0,.,.,.,.,.,0,.,.,.,.,.,0,.,.,.,.,.,0,.,.,.,.,.,0,.,.,.,.,.,0,.,.,.,.,.,0,0.089,0,0,0,0,0.089
2016,FL,6452,Florida Power & Light Co,FPL,419,210.07,208.88,0.974,AC,0,0.28,0,0,0.76,1.04,0,0,0,0,0.15,0.15,0,0,0,0,0,0,0,0,0,0,0,0,0,0,0,0,0,0,0,205.18,3.7,0,0,208.88,0,0,0,0,0,0,0,0,0,0,0,0,0,0,0,0,0,0,0,205.46,3.7,0,0.91,210.07
2016,FL,6455,"Duke Energy Florida, LLC",FPC,146,66.33,66,0.007,AC,.,0.323,.,.,0.007,0.33,.,.,.,.,.,0,.,.,.,.,.,0,.,.,.,.,.,0,.,.,.,.,.,0,.,66,.,.,.,66,.,.,.,.,.,0,.,.,.,.,.,0,.,.,.,.,.,0,0,66.323,0,0,0.007,66.33
2016,CO,6604,City of Fort Collins - (CO),PSCO,16,5.227,1.5,0,DC,.,.,.,.,3.727,3.727,.,.,.,.,.,0,.,.,.,.,.,0,.,.,.,.,.,0,.,.,.,.,.,0,.,.,1.5,.,.,1.5,.,.,.,.,.,0,.,.,.,.,.,0,.,.,.,.,.,0,0,0,1.5,0,3.727,5.227
2016,TN,6608,Fort Loudoun Electric Coop,TVA,33,1.45,.,.,AC,0.22,0.23,.,.,.,0.45,.,.,.,.,.,.,.,.,.,.,.,.,.,.,.,.,.,.,.,.,.,.,.,.,.,.,.,.,.,.,.,.,.,.,.,.,.,.,.,.,.,.,.,1,.,.,.,1,0.22,1.23,.,.,.,1.45
2016,AL,6612,Fort Payne Improvement Authority,TVA,4,0.16,.,.,AC,0.01,0.15,.,.,.,0.16,.,.,.,.,.,.,.,.,.,.,.,.,.,.,.,.,.,.,.,.,.,.,.,.,.,.,.,.,.,.,.,.,.,.,.,.,.,.,.,.,.,.,.,.,.,.,.,.,0.01,0.15,.,.,.,0.16
2016,MS,6641,4-County Electric Power Assn,TVA,18,1.207,.,.,AC,0.17,0.038,.,.,.,0.208,.,.,.,.,.,0,.,.,.,.,.,0,.,.,.,.,.,0,.,.,.,.,.,0,.,.,.,.,.,0,.,.,.,.,.,0,.,.,.,.,.,0,.,0.999,.,.,.,0.999,0.17,1.037,0,0,0,1.207
2016,SC,6709,Easley Combined Utility System,DUK,13,12.325,1.625,12.325,AC,.,.,.,.,.,0,.,.,.,.,.,0,.,.,.,.,.,0,.,.,.,.,.,0,.,.,.,.,.,0,.,1.625,.,.,10.7,12.325,.,.,.,.,.,0,.,.,.,.,.,0,.,.,.,.,.,0,0,1.625,0,0,10.7,12.325
2016,NC,6784,French Broad Elec Member Corp,CPLE,81,0.681,.,.,DC,0.287,0.391,.,.,.,0.678,.,.,.,.,.,0,.,0.003,.,.,.,0.003,.,.,.,.,.,0,.,.,.,.,.,0,.,.,.,.,.,0,.,.,.,.,.,0,.,.,.,.,.,0,.,.,.,.,.,0,0.287,0.394,0,0,0,0.681
2016,KY,6840,City of Fulton - (KY),TVA,3,0.03,.,.,AC,0.02,0.01,.,.,.,0.03,.,.,.,.,.,.,.,.,.,.,.,.,.,.,.,.,.,.,.,.,.,.,.,.,.,.,.,.,.,.,.,.,.,.,.,.,.,.,.,.,.,.,.,.,.,.,.,.,0.02,0.01,.,.,.,0.03
2016,SC,6894,City of Gaffney - (SC),DUK,6,5.2,3,2.4,,.,.,.,.,.,0,.,.,.,.,.,0,.,.,.,.,.,0,.,.,.,.,.,0,.,.,.,.,.,0,.,.,.,.,5.2,5.2,.,.,.,.,.,0,.,.,.,.,.,0,.,.,.,.,.,0,0,0,0,0,5.2,5.2
2016,FL,6909,Gainesville Regional Utilities,GVL,13,4.1,4.1,2.8,DC,.,.,.,.,.,0,.,.,.,.,.,0,.,.,.,.,.,0,.,.,.,.,.,0,.,.,.,.,.,0,.,4.1,.,.,.,4.1,.,.,.,.,.,0,.,.,.,.,.,0,.,.,.,.,.,0,0,4.1,0,0,0,4.1
2016,TN,6923,City of Gallatin - (TN),TVA,6,0.15,.,.,AC,.,0.15,.,.,.,0.15,.,.,.,.,.,.,.,.,.,.,.,.,.,.,.,.,.,.,.,.,.,.,.,.,.,.,.,.,.,.,.,.,.,.,.,.,.,.,.,.,.,.,.,.,.,.,.,.,.,0.15,.,.,.,0.15
2016,OH,7004,"Buckeye Power, Inc",PJM,13,2.15,.,0.7,DC,.,.,.,.,0.7,0.7,.,.,.,.,.,0,.,.,.,.,.,0,.,.,.,.,.,0,.,.,.,.,.,0,.,1.45,.,.,.,1.45,.,.,.,.,.,0,.,.,.,.,.,0,.,.,.,.,.,0,0,1.45,0,0,0.7,2.15
2016,NC,7027,City of Gastonia - (NC),DUK,20,3.25,1,2.2,,0.6,0.35,.,.,.,0.95,.,.,.,.,.,0,.,.,.,.,.,0,.,.,.,.,.,0,.,.,.,.,.,0,.,2.3,.,.,.,2.3,.,.,.,.,.,0,.,.,.,.,.,0,.,.,.,.,.,0,0.6,2.65,0,0,0,3.25
2016,GA,7140,Georgia Power Co,SOCO,1283,189.707,67.97,.,AC,2.84,9.85,87.992,.,.,100.682,.,1.025,.,.,.,1.025,.,.,.,.,.,0,.,3.48,0.75,.,0.5,4.73,.,.,.,.,.,0,.,83.27,.,.,.,83.27,.,.,.,.,.,0,.,.,.,.,.,0,.,.,.,.,.,0,2.84,97.625,88.742,0,0.5,189.707
2016,TN,7174,Gibson Electric Members Corp,TVA,49,0.954,.,.,AC,0.552,0.402,.,.,.,0.954,.,.,.,.,.,0,.,.,.,.,.,0,.,.,.,.,.,0,.,.,.,.,.,0,.,.,.,.,.,0,.,.,.,.,.,0,.,.,.,.,.,0,.,.,.,.,.,0,0.552,0.402,0,0,0,0.954
2016,KS,7257,City of Girard - (KS),SWPP,3,0.142,.,.,DC,0.02,.,.,.,.,0.02,.,.,.,.,.,0,.,.,.,.,.,0,.,.,.,.,.,0,.,.,.,.,.,0,.,.,.,.,.,0,.,.,.,.,.,0,.,.,.,.,.,0,0.122,.,.,.,.,0.122,0.142,0,0,0,0,0.142
2016,FL,7264,"Glades Electric Coop, Inc",SEC,50,0.25,0.1,0.2,AC,.,.,.,.,.,0,.,.,.,.,.,0,.,.,.,.,.,0,.,.,.,.,.,0,.,.,.,.,.,0,0.25,.,.,.,.,0.25,.,.,.,.,.,0,.,.,.,.,.,0,.,.,.,.,.,0,0.25,0,0,0,0,0.25
2016,KY,7270,City of Glasgow - (KY),TVA,16,0.61,.,.,AC,0.01,0.6,.,.,.,0.61,.,.,.,.,.,.,.,.,.,.,.,.,.,.,.,.,.,.,.,.,.,.,.,.,.,.,.,.,.,.,.,.,.,.,.,.,.,.,.,.,.,.,.,.,.,.,.,.,0.01,0.6,.,.,.,0.61
2016,CA,7294,City of Glendale - (CA),LDWP,6,1.689,.,0.4,AC,.,0.4,.,.,.,0.4,.,.,.,.,.,0,.,.,.,.,.,0,.,0.3,.,.,.,0.3,.,0.989,.,.,.,0.989,.,.,.,.,.,0,.,.,.,.,.,0,.,.,.,.,.,0,.,.,.,.,.,0,0,1.689,0,0,0,1.689
2016,AK,7353,Golden Valley Elec Assn Inc,,3,0.135,0,0,AC,.,.,.,.,.,0,.,.,.,.,.,0,.,0.04,.,.,.,0.04,.,.,.,.,.,0,.,.,.,.,.,0,.,0.095,.,.,.,0.095,.,.,.,.,.,0,.,.,.,.,.,0,.,.,.,.,.,0,0,0.135,0,0,0,0.135
2016,CO,7563,Grand Valley Power,PSCO,1,0.121,0,0.121,DC,.,.,.,.,0.121,0.121,.,.,.,.,.,0,.,.,.,.,.,0,.,.,.,.,.,0,.,.,.,.,.,0,.,.,.,.,.,0,.,.,.,.,.,0,.,.,.,.,.,0,.,.,.,.,.,0,0,0,0,0,0.121,0.121
2016,VT,7601,Green Mountain Power Corp,ISNE,25,8.078,0,3.207,AC,.,1.2,.,.,.,1.2,.,.,.,.,.,0,.,.,.,.,.,0,.,3.188,.,.,.,3.188,.,.,.,.,.,0,.,3.69,.,.,.,3.69,.,.,.,.,.,0,.,.,.,.,.,0,.,.,.,.,.,0,0,8.078,0,0,0,8.078
2016,TN,7625,City of Greeneville - (TN),TVA,29,0.472,.,.,AC,0.105,0.367,.,.,.,0.472,.,.,.,.,.,0,.,.,.,.,.,0,.,.,.,.,.,0,.,.,.,.,.,0,.,.,.,.,.,0,.,.,.,.,.,0,.,.,.,.,.,0,.,.,.,.,.,0,0.105,0.367,0,0,0,0.472
2016,MO,7720,"Grundy Electric Coop, Inc",AECI,145,2.135,2.135,0,AC,.,.,.,.,.,0,.,.,.,.,.,0,.,.,.,.,.,0,.,.,.,.,.,0,.,.,.,.,.,0,0.645,1.49,.,.,.,2.135,.,.,.,.,.,0,.,.,.,.,.,0,.,.,.,.,.,0,0.645,1.49,0,0,0,2.135
2016,FL,7801,Gulf Power Co,SOCO,444,0.873,0,0,AC,.,0.873,.,.,.,0.873,.,.,.,.,.,0,.,.,.,.,.,0,.,.,.,.,.,0,.,.,.,.,.,0,.,.,.,.,.,0,.,.,.,.,.,0,.,.,.,.,.,0,.,.,.,.,.,0,0,0.873,0,0,0,0.873
2016,AL,7827,Guntersville Electric Board,TVA,3,0.15,.,.,AC,.,0.15,.,.,.,0.15,.,.,.,.,.,.,.,.,.,.,.,.,.,.,.,.,.,.,.,.,.,.,.,.,.,.,.,.,.,.,.,.,.,.,.,.,.,.,.,.,.,.,.,.,.,.,.,.,.,0.15,.,.,.,0.15
2016,IA,7864,Grundy County Rural Elec Coop,MISO,9,2.148,.,.,,0.047,0.1,.,.,.,0.147,.,.,.,.,.,0,0.001,.,.,.,.,0.001,.,.,.,.,.,0,.,.,.,.,.,0,.,2,.,.,.,2,.,.,.,.,.,0,.,.,.,.,.,0,.,.,.,.,.,0,0.048,2.1,0,0,0,2.148
2016,NC,7978,Halifax Electric Member Corp,CPLE,1,0.1,0,0.1,,.,.,.,.,0.1,0.1,.,.,.,.,.,0,.,.,.,.,.,0,.,.,.,.,.,0,.,.,.,.,.,0,.,.,.,.,.,0,.,.,.,.,.,0,.,.,.,.,.,0,.,.,.,.,.,0,0,0,0,0,0.1,0.1
2016,VT,8104,Town of Hardwick,ISNE,1,0.8,.,.,AC,.,.,.,.,.,0,.,.,.,.,.,0,.,.,.,.,.,0,.,.,.,.,0.8,0.8,.,.,.,.,.,0,.,.,.,.,.,0,.,.,.,.,.,0,.,.,.,.,.,0,.,.,.,.,.,0,0,0,0,0,0.8,0.8
2016,TN,8147,City of Harriman - (TN),TVA,9,0.1,.,.,AC,0.07,0.02,.,.,.,0.09,.,.,.,.,.,.,.,0.01,.,.,.,0.01,.,.,.,.,.,.,.,.,.,.,.,.,.,.,.,.,.,.,.,.,.,.,.,.,.,.,.,.,.,.,.,.,.,.,.,.,0.07,0.03,.,.,.,0.1
2016,HI,8287,Hawaii Electric Light Co Inc,,74,12.871,0,0.059,AC,.,10.594,.,.,.,10.594,.,.,.,.,.,0,.,0.042,.,.,.,0.042,.,0.62,.,.,.,0.62,.,.,.,.,.,0,.,1.615,.,.,.,1.615,.,.,.,.,.,0,.,.,.,.,.,0,.,.,.,.,.,0,0,12.871,0,0,0,12.871
2016,IA,8298,Hawkeye Tri-County El Coop Inc,MISO,3,0.73,.,.,DC,.,.,.,.,.,0,.,.,.,.,.,0,.,.,0.13,.,.,0.13,.,.,.,.,.,0,.,.,.,.,.,0,.,.,.,.,.,0,.,.,.,.,.,0,.,.,.,.,.,0,.,.,0.6,.,.,0.6,0,0,0.73,0,0,0.73
2016,IA,8319,Heartland Power Coop,MISO,17,10.295,2.3,0,DC,0.044,0.181,.,.,.,0.225,.,.,.,.,.,0,0.02,2.05,.,.,.,2.07,.,.,.,.,.,0,.,.,.,.,.,0,.,8,.,.,.,8,.,.,.,.,.,0,.,.,.,.,.,0,.,.,.,.,.,0,0.064,10.231,0,0,0,10.295
2016,NC,8333,Haywood Electric Member Corp,DUK,3,0.163,.,.,AC,.,.,.,.,.,0,.,.,.,.,.,0,.,.,.,.,.,0,.,.,.,.,.,0,.,.,.,.,.,0,.,.,.,.,.,0,0.163,.,.,.,.,0.163,.,.,.,.,.,0,.,.,.,.,.,0,0.163,0,0,0,0,0.163
2016,IN,8466,Henry County Rural E M C,MISO,4,3.4,3.4,1,AC,.,.,.,.,.,0,.,.,.,.,.,0,.,.,.,.,.,0,.,.,.,.,.,0,.,.,.,.,.,0,0,0.9,2.5,0,0,3.4,.,.,.,.,.,0,.,.,.,.,.,0,.,.,.,.,.,0,0,0.9,2.5,0,0,3.4
2016,MN,8543,Hibbing Public Utilities Comm,MISO,4,0.05,.,.,,.,0.05,.,.,.,0.05,.,.,.,.,.,0,.,.,.,.,.,0,.,.,.,.,.,0,.,.,.,.,.,0,.,.,.,.,.,0,.,.,.,.,.,0,.,.,.,.,.,0,.,.,.,.,.,0,0,0.05,0,0,0,0.05
2016,KY,8548,City of Hickman,TVA,3,0.05,.,.,AC,.,0.05,.,.,.,0.05,.,.,.,.,.,.,.,.,.,.,.,.,.,.,.,.,.,.,.,.,.,.,.,.,.,.,.,.,.,.,.,.,.,.,.,.,.,.,.,.,.,.,.,.,.,.,.,.,.,0.05,.,.,.,0.05
2016,NC,8571,Town of High Point,DUK,5,2.1,2.1,0.9,,.,0.1,.,.,.,0.1,.,.,.,.,.,0,.,.,.,.,.,0,.,.,.,.,.,0,.,.,.,.,.,0,.,2,.,.,.,2,.,.,.,.,.,0,.,.,.,.,.,0,.,.,.,.,.,0,0,2.1,0,0,0,2.1
2016,TN,8764,"Holston Electric Coop, Inc",TVA,28,2.22,.,.,AC,0.07,1.15,.,.,.,1.22,.,.,.,.,.,.,.,.,.,.,.,.,.,.,.,.,.,.,.,.,.,.,.,.,.,.,.,.,.,.,.,.,.,.,.,.,.,.,.,.,.,.,.,1,.,.,.,1,0.07,2.15,.,.,.,2.22
2016,CO,8773,"Holy Cross Electric Assn, Inc",PSCO,13,2.592,.,0.145,DC,.,.,.,.,1.907,1.907,.,.,.,.,.,0,.,.,.,.,.,0,.,.,.,.,0.685,0.685,.,.,.,.,.,0,.,.,.,.,.,0,.,.,.,.,.,0,.,.,.,.,.,0,.,.,.,.,.,0,0,0,0,0,2.592,2.592
2016,MA,8774,City of Holyoke - (MA),ISNE,13,4.155,0,0.36,DC,0.022,0.003,0,0,3.17,3.195,.,.,.,.,.,0,.,.,.,.,.,0,.,0.6,.,.,.,0.6,.,.,.,.,.,0,0,0,0,0,0.36,0.36,.,.,.,.,.,0,.,.,.,.,.,0,.,.,.,.,.,0,0.022,0.603,0,0,3.53,4.155
2016,KY,8846,City of Hopkinsville,TVA,3,0.04,.,.,AC,.,0.04,.,.,.,0.04,.,.,.,.,.,.,.,.,.,.,.,.,.,.,.,.,.,.,.,.,.,.,.,.,.,.,.,.,.,.,.,.,.,.,.,.,.,.,.,.,.,.,.,.,.,.,.,.,.,0.04,.,.,.,0.04
2016,TX,8901,CenterPoint Energy,ERCO,2185,19.72,3.8,.,,7.776,3.712,.,.,.,11.488,.,.,.,.,.,0,0.032,0.04,.,.,.,0.072,.,0.112,.,.,.,0.112,.,.,.,.,.,0,0.025,8.023,.,.,.,8.048,.,.,.,.,.,0,.,.,.,.,.,0,.,.,.,.,.,0,7.833,11.887,0,0,0,19.72
2016,MA,8973,Town of Hudson - (MA),ISNE,127,1.094,0,0,,0.923,0.164,0.007,.,.,1.094,.,.,.,.,.,0,.,.,.,.,.,0,.,.,.,.,.,0,.,.,.,.,.,0,.,.,.,.,.,0,.,.,.,.,.,0,.,.,.,.,.,0,.,.,.,.,.,0,0.923,0.164,0.007,0,0,1.094
2016,KS,9011,City of Hugoton - (KS),SWPP,1,0.8,0.8,0.8,,.,.,.,.,.,0,.,.,.,.,.,0,.,.,.,.,.,0,.,.,.,.,.,0,.,.,.,.,.,0,.,.,.,.,0.8,0.8,.,.,.,.,.,0,.,.,.,.,.,0,.,.,.,.,.,0,0,0,0,0,0.8,0.8
2016,TN,9023,City of Humboldt,TVA,7,0.26,.,.,AC,.,0.26,.,.,.,0.26,.,.,.,.,.,.,.,.,.,.,.,.,.,.,.,.,.,.,.,.,.,.,.,.,.,.,.,.,.,.,.,.,.,.,.,.,.,.,.,.,.,.,.,.,.,.,.,.,.,0.26,.,.,.,0.26
2016,AL,9094,City of Huntsville - (AL),TVA,53,1.038,.,.,AC,0.335,0.703,.,.,.,1.038,.,.,.,.,.,0,.,.,.,.,.,0,.,.,.,.,.,0,.,.,.,.,.,0,.,.,.,.,.,0,.,.,.,.,.,0,.,.,.,.,.,0,.,.,.,.,.,0,0.335,0.703,0,0,0,1.038
2016,UT,9163,Hyrum City Corporation,PACE,1,0.4,0,0.4,AC,.,.,.,.,.,0,.,.,.,.,.,0,.,.,.,.,.,0,.,.,.,.,0.4,0.4,.,.,.,.,.,0,.,.,.,.,.,0,.,.,.,.,.,0,.,.,.,.,.,0,.,.,.,.,.,0,0,0,0,0,0.4,0.4
2016,ID,9191,Idaho Power Co,IPCO,35,13.147,0,0,DC,.,.,.,.,.,0,.,.,.,.,.,0,.,.,.,.,.,0,.,.,.,.,12.687,12.687,.,.,.,.,.,0,.,.,.,.,0.46,0.46,.,.,.,.,.,0,.,.,.,.,.,0,.,.,.,.,.,0,0,0,0,0,13.147,13.147
2016,OR,9191,Idaho Power Co,IPCO,2,1.04,0,0,DC,.,.,.,.,.,0,.,.,.,.,.,0,.,.,.,.,.,0,.,.,.,.,1.04,1.04,.,.,.,.,.,0,.,.,.,.,.,0,.,.,.,.,.,0,.,.,.,.,.,0,.,.,.,.,.,0,0,0,0,0,1.04,1.04
2016,IN,9273,Indianapolis Power & Light Co,MISO,56,2.87,.,.,AC,.,2.131,0.729,.,.,2.86,.,.,.,.,.,0,.,0.01,.,.,.,0.01,.,.,.,.,.,0,.,.,.,.,.,0,.,.,.,.,.,0,.,.,.,.,.,0,.,.,.,.,.,0,.,.,.,.,.,0,0,2.141,0.729,0,0,2.87
2016,IN,9324,Indiana Michigan Power Co,PJM,4,0.875,.,.,AC,.,0.005,0.01,.,.,0.015,.,.,.,.,.,0,0.01,0.85,.,.,.,0.86,.,.,.,.,.,0,.,.,.,.,.,0,.,.,.,.,.,0,.,.,.,.,.,0,.,.,.,.,.,0,.,.,.,.,.,0,0.01,0.855,0.01,0,0,0.875
2016,CO,9336,Intermountain Rural Elec Assn,PSCO,9,0.571,0,0,AC,0.184,0.297,0.09,0,0,0.571,.,.,.,.,.,0,.,.,.,.,.,0,.,.,.,.,.,0,.,.,.,.,.,0,.,.,.,.,.,0,.,.,.,.,.,0,.,.,.,.,.,0,.,.,.,.,.,0,0.184,0.297,0.09,0,0,0.571
2016,IA,9417,Interstate Power and Light Co,MISO,63,7.374,.,.,AC,0.023,2.513,0.83,.,.,3.366,.,.,.,.,.,0,.,3.552,.,.,.,3.552,.,0.4,.,.,.,0.4,.,.,.,.,.,0,.,.,.,.,.,0,.,.,.,.,.,0,.,.,.,.,.,0,.,.,0.056,.,.,0.056,0.023,6.465,0.886,0,0,7.374
2016,GA,9601,Jackson Electric Member Corp - (GA),SOCO,70,1.702,1.1,.,DC,0.312,0.29,.,.,.,0.602,.,.,.,.,.,0,.,.,.,.,.,0,.,.,.,.,.,0,.,.,.,.,.,0,.,1.1,.,.,.,1.1,.,.,.,.,.,0,.,.,.,.,.,0,.,.,.,.,.,0,0.312,1.39,0,0,0,1.702
2016,TN,9612,City of Jackson - (TN),TVA,14,1.33,.,.,AC,0.05,1.28,.,.,.,1.33,.,.,.,.,.,.,.,.,.,.,.,.,.,.,.,.,.,.,.,.,.,.,.,.,.,.,.,.,.,.,.,.,.,.,.,.,.,.,.,.,.,.,.,.,.,.,.,.,0.05,1.28,.,.,.,1.33
2016,WI,9690,Jefferson Utilities,MISO,1,0.021,.,.,DC,.,0.021,.,.,.,0.021,.,.,.,.,.,0,.,.,.,.,.,0,.,.,.,.,.,0,.,.,.,.,.,0,.,.,.,.,.,0,.,.,.,.,.,0,.,.,.,.,.,0,.,.,.,.,.,0,0,0.021,0,0,0,0.021
2016,KY,9697,City of Jellico,TVA,18,0.09,.,.,AC,0.09,.,.,.,.,0.09,.,.,.,.,.,.,.,.,.,.,.,.,.,.,.,.,.,.,.,.,.,.,.,.,.,.,.,.,.,.,.,.,.,.,.,.,.,.,.,.,.,.,.,.,.,.,.,.,0.09,.,.,.,.,0.09
2016,TN,9697,City of Jellico,TVA,3,0.15,.,.,AC,.,0.15,.,.,.,0.15,.,.,.,.,.,.,.,.,.,.,.,.,.,.,.,.,.,.,.,.,.,.,.,.,.,.,.,.,.,.,.,.,.,.,.,.,.,.,.,.,.,.,.,.,.,.,.,.,.,0.15,.,.,.,0.15
2016,NJ,9726,Jersey Central Power & Lt Co,PJM,1,0.5,0,0,AC,0,0,0,0,0,0,0,0,0,0,0,0,0,0,0,0,0,0,0,0,0,0,0.5,0.5,0,0,0,0,0,0,0,0,0,0,0,0,0,0,0,0,0,0,0,0,0,0,0,0,0,0,0,0,0,0,0,0,0,0,0.5,0.5
2016,AL,9739,Joe Wheeler Elec Member Corp,TVA,14,1.96,.,.,AC,0.03,0.22,.,.,.,0.25,.,.,.,.,.,.,.,.,.,.,.,.,.,.,.,.,.,.,.,.,.,.,.,.,.,.,.,.,.,.,.,.,.,.,.,.,.,.,.,.,.,.,.,1.71,.,.,.,1.71,0.03,1.93,.,.,.,1.96
2016,IL,9750,Jo-Carroll Energy Coop Inc,MISO,1,0.4,0,0,AC,.,0.4,.,.,.,0.4,.,.,.,.,.,0,.,.,.,.,.,0,.,.,.,.,.,0,.,.,.,.,.,0,.,.,.,.,.,0,.,.,.,.,.,0,.,.,.,.,.,0,.,.,.,.,.,0,0,0.4,0,0,0,0.4
2016,TN,9777,Johnson City - (TN),TVA,83,1.905,.,.,AC,0.569,0.41,.,.,.,0.979,.,.,.,.,.,0,.,0.001,.,.,.,0.001,.,.,.,.,.,0,.,.,.,.,.,0,.,.,.,.,.,0,.,.,.,.,.,0,.,.,.,.,.,0,.,0.925,.,.,.,0.925,0.569,1.336,0,0,0,1.905
2016,IN,9778,Johnson County Rural E M C,MISO,1,0.8,0.8,0,AC,.,.,.,.,.,0,.,.,.,.,.,0,.,.,.,.,.,0,.,.,.,.,.,0,.,.,.,.,.,0,.,.,0.8,.,.,0.8,.,.,.,.,.,0,.,.,.,.,.,0,.,.,.,.,.,0,0,0,0.8,0,0,0.8
2016,MO,10000,Kansas City Power & Light Co,SWPP,10,0.498,.,0.198,AC,.,0.198,.,.,.,0.198,.,.,.,.,.,0,.,.,.,.,.,0,.,.,.,.,.,0,.,.,.,.,.,0,.,.,.,.,.,0,.,.,.,.,.,0,.,.,.,.,.,0,.,0.3,.,.,.,0.3,0,0.498,0,0,0,0.498
2016,KS,10005,Kansas Gas & Electric Co,SWPP,11,0.27,.,.,AC,0.003,0.013,.,.,.,0.016,.,.,.,.,.,0,0.004,0.25,.,.,.,0.254,.,.,.,.,.,0,.,.,.,.,.,0,.,.,.,.,.,0,.,.,.,.,.,0,.,.,.,.,.,0,.,.,.,.,.,0,0.007,0.263,0,0,0,0.27
2016,OK,10012,Kay Electric Coop,SWPP,178,5,5,5,,0,0,0,0,0,0,0,0,0,0,0,0,0,0,0,0,0,0,0,0,0,0,0,0,0,0,0,0,0,0,5,0,0,0,0,5,0,0,0,0,0,0,0,0,0,0,0,0,0,0,0,0,0,0,5,0,0,0,0,5
2016,WI,10056,City of Kaukauna,MISO,18,0.202,.,0.003,DC,0.049,0.113,.,.,.,0.162,.,.,0.04,.,.,0.04,.,.,.,.,.,0,.,.,.,.,.,0,.,.,.,.,.,0,.,.,.,.,.,0,.,.,.,.,.,0,.,.,.,.,.,0,.,.,.,.,.,0,0.049,0.113,0.04,0,0,0.202
2016,HI,10071,Kauai Island Utility Cooperative,,19,6,0,0,AC,0,3.9,0,0,0,3.9,0,0,0,0,0,0,0,0,0,0,0,0,0,0,0,0,0,0,0,0,0,0,0,0,0,0,0,0,0,0,0,2.1,0,0,0,2.1,0,0,0,0,0,0,0,0,0,0,0,0,0,6,0,0,0,6
2016,TN,10331,Kingsport Power Co,PJM,1,0.03,0,0,AC,.,.,0.03,.,.,0.03,.,.,.,.,.,0,.,.,.,.,.,0,.,.,.,.,.,0,.,.,.,.,.,0,.,.,.,.,.,0,.,.,.,.,.,0,.,.,.,.,.,0,.,.,.,.,.,0,0,0,0.03,0,0,0.03
2016,TN,10421,Knoxville Utilities Board,TVA,117,2.916,.,.,AC,0.548,2.368,.,.,.,2.916,.,.,.,.,.,0,.,.,.,.,.,0,.,.,.,.,.,0,.,.,.,.,.,0,.,.,.,.,.,0,.,.,.,.,.,0,.,.,.,.,.,0,.,.,.,.,.,0,0.548,2.368,0,0,0,2.916
2016,SD,10558,"LaCreek Electric Assn, Inc",WACM,21,0.1,.,.,,.,.,.,.,.,0,.,.,.,.,.,0,0.1,.,.,.,.,0.1,.,.,.,.,.,0,.,.,.,.,.,0,.,.,.,.,.,0,.,.,.,.,.,0,.,.,.,.,.,0,.,.,.,.,.,0,0.1,0,0,0,0,0.1
2016,TN,10579,City of LaFollette,TVA,14,0.57,.,.,AC,0.05,0.52,.,.,.,0.57,.,.,.,.,.,.,.,.,.,.,.,.,.,.,.,.,.,.,.,.,.,.,.,.,.,.,.,.,.,.,.,.,.,.,.,.,.,.,.,.,.,.,.,.,.,.,.,.,0.05,0.52,.,.,.,0.57
2016,WI,10605,Lake Mills Light & Water,MISO,4,0.022,.,.,DC,0.012,0.01,.,.,.,0.022,.,.,.,.,.,0,.,.,.,.,.,0,.,.,.,.,.,0,.,.,.,.,.,0,.,.,.,.,.,0,.,.,.,.,.,0,.,.,.,.,.,0,.,.,.,.,.,0,0.012,0.01,0,0,0,0.022
2016,TN,10799,City of Lawrenceburg,TVA,18,0.22,.,.,AC,0.18,0.04,.,.,.,0.22,.,.,.,.,.,.,.,.,.,.,.,.,.,.,.,.,.,.,.,.,.,.,.,.,.,.,.,.,.,.,.,.,.,.,.,.,.,.,.,.,.,.,.,.,.,.,.,.,0.18,0.04,.,.,.,0.22
2016,TN,10906,City of Lenoir - (TN),TVA,60,1.449,.,.,AC,0.233,1.216,.,.,.,1.449,.,.,.,.,.,0,.,.,.,.,.,0,.,.,.,.,.,0,.,.,.,.,.,0,.,.,.,.,.,0,.,.,.,.,.,0,.,.,.,.,.,0,.,.,.,.,.,0,0.233,1.216,0,0,0,1.449
2016,TN,10960,City of Lewisburg - (TN),TVA,2,0.07,.,.,AC,.,0.07,.,.,.,0.07,.,.,.,.,.,.,.,.,.,.,.,.,.,.,.,.,.,.,.,.,.,.,.,.,.,.,.,.,.,.,.,.,.,.,.,.,.,.,.,.,.,.,.,.,.,.,.,.,.,0.07,.,.,.,0.07
2016,NC,10966,City of Lexington - (NC),DUK,7,1.918,1.918,0,,.,0.068,.,.,.,0.068,.,.,.,.,.,0,.,.,.,.,.,0,.,.,.,.,.,0,.,.,.,.,.,0,.,1.85,.,.,.,1.85,.,.,.,.,.,0,.,.,.,.,.,0,.,.,.,.,.,0,0,1.918,0,0,0,1.918
2016,TN,10968,City of Lexington - (TN),TVA,11,0.05,.,.,AC,0.04,0.01,.,.,.,0.05,.,.,.,.,.,.,.,.,.,.,.,.,.,.,.,.,.,.,.,.,.,.,.,.,.,.,.,.,.,.,.,.,.,.,.,.,.,.,.,.,.,.,.,.,.,.,.,.,0.04,0.01,.,.,.,0.05
2016,NE,11018,Lincoln Electric System,SWPP,8,0.827,0,0.05,AC,.,0.099,0.002,.,.,0.101,.,.,.,.,.,0,.,0.001,.,.,.,0.001,.,.,.,.,.,0,.,.,.,.,.,0,.,0.725,.,.,.,0.725,.,.,.,.,.,0,.,.,.,.,.,0,.,.,.,.,.,0,0,0.825,0.002,0,0,0.827
2016,SC,11118,Lockhart Power Co,DUK,3,1.65,.,1.65,,.,.,.,.,.,0,.,.,.,.,.,0,.,.,.,.,.,0,.,.,.,.,1.65,1.65,.,.,.,.,.,0,.,.,.,.,.,0,.,.,.,.,.,0,.,.,.,.,.,0,.,.,.,.,.,0,0,0,0,0,1.65,1.65
2016,WI,11125,City of Lodi - (WI),MISO,1,0.005,.,.,DC,.,0.005,.,.,.,0.005,.,.,.,.,.,0,.,.,.,.,.,0,.,.,.,.,.,0,.,.,.,.,.,0,.,.,.,.,.,0,.,.,.,.,.,0,.,.,.,.,.,0,.,.,.,.,.,0,0,0.005,0,0,0,0.005
2016,UT,11135,City of Logan - (UT),WACM,3,1.685,.,1.685,AC,.,.,.,.,0.06,0.06,.,.,.,.,.,0,.,.,.,.,.,0,.,.,.,.,1.625,1.625,.,.,.,.,.,0,.,.,.,.,.,0,.,.,.,.,.,0,.,.,.,.,.,0,.,.,.,.,.,0,0,0,0,0,1.685,1.685
2016,CA,11148,City of Lompoc - (CA),CISO,6,0.455,0.455,0.455,AC,.,.,.,.,.,0,.,.,.,.,.,0,.,.,.,.,.,0,.,.,.,.,.,0,.,.,.,.,.,0,.,0.455,.,.,.,0.455,.,.,.,.,.,0,.,.,.,.,.,0,.,.,.,.,.,0,0,0.455,0,0,0,0.455
2016,NY,11171,Long Island Power Authority,NYIS,108,19.52,.,.,AC,.,12.12,.,.,.,12.12,.,.,.,.,.,0,.,.,.,.,.,0,.,.,.,.,.,0,.,.,.,.,.,0,.,6.7,.,.,.,6.7,.,0.7,.,.,.,0.7,.,.,.,.,.,0,.,.,.,.,.,0,0,19.52,0,0,0,19.52
2016,CO,11187,City of Longmont,PSCO,2,0.5,.,0.5,AC,.,.,.,.,.,0,.,.,.,.,.,0,.,.,.,.,.,0,.,.,.,.,0.5,0.5,.,.,.,.,.,0,.,.,.,.,.,0,.,.,.,.,.,0,.,.,.,.,.,0,.,.,.,.,.,0,0,0,0,0,0.5,0.5
2016,CA,11208,Los Angeles Department of Water & Power,LDWP,62,11.1,0,3.63,AC,.,7.47,.,.,3.63,11.1,.,.,.,.,.,0,.,.,.,.,.,0,.,.,.,.,.,0,.,.,.,.,.,0,.,.,.,.,.,0,.,.,.,.,.,0,.,.,.,.,.,0,.,.,.,.,.,0,0,7.47,0,0,3.63,11.1
2016,TN,11222,Loudon Utilities Board,TVA,8,0.37,.,.,AC,0.02,0.35,.,.,.,0.37,.,.,.,.,.,.,.,.,.,.,.,.,.,.,.,.,.,.,.,.,.,.,.,.,.,.,.,.,.,.,.,.,.,.,.,.,.,.,.,.,.,.,.,.,.,.,.,.,0.02,0.35,.,.,.,0.37
2016,MS,11247,Louisville Electric System,TVA,1,0.06,.,.,AC,.,0.06,.,.,.,0.06,.,.,.,.,.,.,.,.,.,.,.,.,.,.,.,.,.,.,.,.,.,.,.,.,.,.,.,.,.,.,.,.,.,.,.,.,.,.,.,.,.,.,.,.,.,.,.,.,.,0.06,.,.,.,0.06
2016,NC,11291,Lumbee River Elec Member Corp,CPLE,19,0.639,0,0,,0.069,0.57,.,.,.,0.639,.,.,.,.,.,0,.,.,.,.,.,0,.,.,.,.,.,0,.,.,.,.,.,0,.,.,.,.,.,0,.,.,.,.,.,0,.,.,.,.,.,0,.,.,.,.,.,0,0.069,0.57,0,0,0,0.639
2016,MN,11345,Lyon-Lincoln Electric Coop Inc,SWPP,13,2.7,2.7,0,AC,.,.,.,.,.,0,.,.,.,.,.,0,.,.,.,.,.,0,.,.,.,.,.,0,.,.,.,.,.,0,.,2.7,.,.,.,2.7,.,.,.,.,.,0,.,.,.,.,.,0,.,.,.,.,.,0,0,2.7,0,0,0,2.7
2016,VT,11359,Village of Lyndonville - (VT),ISNE,4,2.45,.,.,AC,.,.,.,.,.,0,.,.,.,.,.,0,.,.,.,.,.,0,.,.,2.45,.,.,2.45,.,.,.,.,.,0,.,.,.,.,.,0,.,.,.,.,.,0,.,.,.,.,.,0,.,.,.,.,.,0,0,0,2.45,0,0,2.45
2016,WI,11479,Madison Gas & Electric Co,MISO,188,1.088,0,0.084,AC,0.415,0.663,.,.,.,1.078,.,.,.,.,.,0,.,0.01,.,.,.,0.01,.,.,.,.,.,0,.,.,.,.,.,0,.,.,.,.,.,0,.,.,.,.,.,0,.,.,.,.,.,0,.,.,.,.,.,0,0.415,0.673,0,0,0,1.088
2016,WI,11571,Manitowoc Public Utilities,MISO,2,0.35,0,.,AC,.,.,0.29,.,.,0.29,.,.,.,.,.,0,.,.,0.06,.,.,0.06,.,.,.,.,.,0,.,.,.,.,.,0,.,.,.,.,.,0,.,.,.,.,.,0,.,.,.,.,.,0,.,.,.,.,.,0,0,0,0.35,0,0,0.35
2016,AL,11714,Marshall-De Kalb Electric Coop,TVA,4,0.2,.,.,AC,.,0.2,.,.,.,0.2,.,.,.,.,.,.,.,.,.,.,.,.,.,.,.,.,.,.,.,.,.,.,.,.,.,.,.,.,.,.,.,.,.,.,.,.,.,.,.,.,.,.,.,.,.,.,.,.,.,0.2,.,.,.,0.2
2016,WI,11740,City of Marshfield - (WI),MISO,1,0.098,0,0,AC,.,0.098,.,.,.,0.098,.,.,.,.,.,0,.,.,.,.,.,0,.,.,.,.,.,0,.,.,.,.,.,0,.,.,.,.,.,0,.,.,.,.,.,0,.,.,.,.,.,0,.,.,.,.,.,0,0,0.098,0,0,0,0.098
2016,IA,11788,Consumers Energy,MISO,4,0.223,0,0,AC,0.023,.,0.05,.,.,0.073,.,.,.,.,.,0,.,.,0.15,.,.,0.15,.,.,.,.,.,0,.,.,.,.,.,0,.,.,.,.,.,0,.,.,.,.,.,0,.,.,.,.,.,0,.,.,.,.,.,0,0.023,0,0.2,0,0,0.223
2016,TN,11789,Maryville Utilities,TVA,11,0.12,.,.,AC,0.03,0.09,.,.,.,0.12,.,.,.,.,.,.,.,.,.,.,.,.,.,.,.,.,.,.,.,.,.,.,.,.,.,.,.,.,.,.,.,.,.,.,.,.,.,.,.,.,.,.,.,.,.,.,.,.,0.03,0.09,.,.,.,0.12
2016,MA,11804,Massachusetts Electric Co,ISNE,128,30.4,.,.,AC,0.5,16.7,.,.,.,17.2,.,.,.,.,.,0,.,0.8,.,.,.,0.8,.,1.2,.,.,.,1.2,.,.,.,.,.,0,0.1,9.5,.,.,.,9.6,.,0.7,.,.,.,0.7,.,0.4,.,.,.,0.4,.,0.5,.,.,.,0.5,0.6,29.8,0,0,0,30.4
2016,HI,11843,Maui Electric Co Ltd,,267,15.116,0,0,AC,1.271,10.524,.,.,.,11.795,0.019,0.227,.,.,.,0.246,.,0.075,.,.,.,0.075,.,0.5,.,.,.,0.5,.,.,.,.,.,0,.,.,.,.,.,0,.,.,.,.,.,0,.,.,.,.,.,0,.,2.5,.,.,.,2.5,1.29,13.826,0,0,0,15.116
2016,KY,11871,City of Mayfield Plant Board,TVA,1,0.03,.,.,AC,.,0.03,.,.,.,0.03,.,.,.,.,.,.,.,.,.,.,.,.,.,.,.,.,.,.,.,.,.,.,.,.,.,.,.,.,.,.,.,.,.,.,.,.,.,.,.,.,.,.,.,.,.,.,.,.,.,0.03,.,.,.,0.03
2016,MN,12227,Meeker Coop Light & Power Assn,MISO,26,4,3.8,0.2,DC,.,.,.,.,.,0,.,.,.,.,.,0,.,.,.,.,.,0,.,.,.,.,.,0,.,.,.,.,.,0,.,4,.,.,.,4,.,.,.,.,.,0,.,.,.,.,.,0,.,.,.,.,.,0,0,4,0,0,0,4
2016,WI,12298,City of Menasha - (WI),MISO,4,0.018,.,.,DC,0.018,.,.,.,.,0.018,.,.,.,.,.,0,.,.,.,.,.,0,.,.,.,.,.,0,.,.,.,.,.,0,.,.,.,.,.,0,.,.,.,.,.,0,.,.,.,.,.,0,.,.,.,.,.,0,0.018,0,0,0,0,0.018
2016,TN,12330,Meriwether Lewis Electric Coop,TVA,32,0.47,.,.,AC,0.17,0.3,.,.,.,0.47,.,.,.,.,.,.,.,.,.,.,.,.,.,.,.,.,.,.,.,.,.,.,.,.,.,.,.,.,.,.,.,.,.,.,.,.,.,.,.,.,.,.,.,.,.,.,.,.,0.17,0.3,.,.,.,0.47
2016,IA,12341,MidAmerican Energy Co,MISO,34,13.35,7.8,0.1,AC,.,0.41,.,.,.,0.41,.,.,.,.,.,0,0.03,0.11,.,.,.,0.14,.,.,.,.,0.9,0.9,.,.,.,.,.,0,.,.,11.6,.,.,11.6,.,.,.,.,.,0,.,.,0.3,.,.,0.3,.,.,.,.,.,0,0.03,0.52,11.9,0,0.9,13.35
2016,IL,12341,MidAmerican Energy Co,MISO,22,13.36,0,3.6,AC,.,0.01,.,.,.,0.01,.,.,.,.,.,0,.,0.01,.,.,.,0.01,.,.,3.44,.,5.6,9.04,.,.,.,.,.,0,.,.,0.3,.,4,4.3,.,.,.,.,.,0,.,.,.,.,.,0,.,.,.,.,.,0,0,0.02,3.74,0,9.6,13.36
2016,IA,12450,Midland Power Coop,MISO,42,5.381,.,.,AC,0.678,.,.,.,.,0.678,.,.,.,.,.,0,0.203,.,.,.,.,0.203,.,.,.,.,.,0,.,.,.,.,.,0,.,.,4.5,.,.,4.5,.,.,.,.,.,0,.,.,.,.,.,0,.,.,.,.,.,0,0.881,0,4.5,0,0,5.381
2016,TN,12470,Middle Tennessee E M C,TVA,162,4.981,.,.,AC,0.996,3.978,.,.,.,4.974,.,.,.,.,.,0,0.007,.,.,.,.,0.007,.,.,.,.,.,0,.,.,.,.,.,0,.,.,.,.,.,0,.,.,.,.,.,0,.,.,.,.,.,0,.,.,.,.,.,0,1.003,3.978,0,0,0,4.981
2016,MA,12473,Town of Middleborough - (MA),ISNE,6,1.14,.,0.01,AC,0.07,1.07,.,.,.,1.14,.,.,.,.,.,0,.,.,.,.,.,0,.,.,.,.,.,0,.,.,.,.,.,0,.,.,.,.,.,0,.,.,.,.,.,0,.,.,.,.,.,0,.,.,.,.,.,0,0.07,1.07,0,0,0,1.14
2016,TN,12532,City of Milan,TVA,9,0.17,.,.,AC,0.04,0.13,.,.,.,0.17,.,.,.,.,.,.,.,.,.,.,.,.,.,.,.,.,.,.,.,.,.,.,.,.,.,.,.,.,.,.,.,.,.,.,.,.,.,.,.,.,.,.,.,.,.,.,.,.,0.04,0.13,.,.,.,0.17
2016,MN,12546,Mille Lacs Energy Cooperative,MISO,1,0.2,0.2,0.2,AC,.,.,.,.,.,0,.,.,.,.,.,0,.,.,.,.,.,0,.,.,.,.,.,0,.,.,.,.,.,0,.,.,0.2,.,.,0.2,.,.,.,.,.,0,.,.,.,.,.,0,.,.,.,.,.,0,0,0,0.2,0,0,0.2
2016,IA,12642,Maquoketa Valley Rrl Elec Coop,MISO,96,1.241,.,.,,0.319,0.903,.,.,.,1.222,.,.,.,.,.,0,0.017,0.002,.,.,.,0.019,.,.,.,.,.,0,.,.,.,.,.,0,.,.,.,.,.,0,.,.,.,.,.,0,.,.,.,.,.,0,.,.,.,.,.,0,0.336,0.905,0,0,0,1.241
2016,MS,12686,Mississippi Power Co,SOCO,53,31.887,.,.,DC,0.182,1.688,0.065,.,.,1.935,.,.,.,.,.,0,.,0.002,0,.,.,0.002,.,.,.,.,.,0,.,.,.,.,.,0,.,24.95,5,.,.,29.95,.,.,.,.,.,0,.,.,.,.,.,0,.,.,.,.,.,0,0.182,26.64,5.065,0,0,31.887
2016,CA,12745,Modesto Irrigation District,BANC,1,0.2,0,0.2,AC,.,.,.,.,.,0,.,.,.,.,.,0,.,.,.,.,.,0,.,.,.,.,0.2,0.2,.,.,.,.,.,0,.,.,.,.,.,0,.,.,.,.,.,0,.,.,.,.,.,0,.,.,.,.,.,0,0,0,0,0,0.2,0.2
2016,NC,12801,City of Monroe - (NC),DUK,3,1.1,1.1,0,,.,.,.,.,.,0,.,.,.,.,.,0,.,.,.,.,.,0,.,.,.,.,.,0,.,.,.,.,.,0,.,1.1,.,.,.,1.1,.,.,.,.,.,0,.,.,.,.,.,0,.,.,.,.,.,0,0,1.1,0,0,0,1.1
2016,MT,12825,NorthWestern Energy LLC - (MT),NWMT,46,6.218,1,1,DC,.,.,.,.,0.33,0.33,.,.,.,.,.,0,.,.,.,.,2.175,2.175,.,0.23,.,.,3.423,3.653,.,.,.,.,.,0,.,.,.,.,.,0,.,0.06,.,.,.,0.06,.,.,.,.,.,0,.,.,.,.,.,0,0,0.29,0,0,5.928,6.218
2016,MN,12894,City of Moorhead - (MN),SWPP,2,1.5,0,1.5,AC,.,.,.,.,.,0,.,.,.,.,.,0,.,.,.,.,1.5,1.5,.,.,.,.,.,0,.,.,.,.,.,0,.,.,.,.,.,0,.,.,.,.,.,0,.,.,.,.,.,0,.,.,.,.,.,0,0,0,0,0,1.5,1.5
2016,NC,12944,City of Morganton - (NC),DUK,4,1.6,0.8,0,,.,.,0.8,.,.,0.8,.,.,.,.,.,0,.,.,.,.,.,0,.,.,.,.,.,0,.,.,.,.,.,0,.,0.8,.,.,.,0.8,.,.,.,.,.,0,.,.,.,.,.,0,.,.,.,.,.,0,0,0.8,0.8,0,0,1.6
2016,TN,12988,City of Morristown - (TN),TVA,8,0.35,.,.,AC,0.01,0.08,.,.,.,0.09,.,.,.,.,.,.,.,.,.,.,.,.,.,.,.,.,.,.,.,.,.,.,.,.,.,.,.,.,.,.,.,.,.,.,.,.,.,.,.,.,.,.,.,0.26,.,.,.,0.26,0.01,0.34,.,.,.,0.35
2016,VT,12989,Village of Morrisville - (VT),ISNE,6,5,.,.,AC,.,.,.,.,.,0,.,.,.,.,.,0,.,.,.,.,.,0,.,.,.,.,5,5,.,.,.,.,.,0,.,.,.,.,.,0,.,.,.,.,.,0,.,.,.,.,.,0,.,.,.,.,.,0,0,0,0,0,5,5
2016,OH,12990,Consolidated Electric Coop Inc,PJM,1,0.75,0,0,AC,.,.,.,.,.,0,.,.,.,.,.,0,.,.,.,.,.,0,.,.,.,.,.,0,.,.,.,.,.,0,.,0.75,.,.,.,0.75,.,.,.,.,.,0,.,.,.,.,.,0,.,.,.,.,.,0,0,0.75,0,0,0,0.75
2016,NC,13027,"Mountain Electric Coop, Inc",TVA,29,1.97,.,.,AC,0.35,1.59,.,.,.,1.94,.,.,.,.,.,.,.,0.03,.,.,.,0.03,.,.,.,.,.,.,.,.,.,.,.,.,.,.,.,.,.,.,.,.,.,.,.,.,.,.,.,.,.,.,.,.,.,.,.,.,0.35,1.62,.,.,.,1.97
2016,TN,13027,"Mountain Electric Coop, Inc",TVA,13,0.07,.,.,AC,0.03,0.04,.,.,.,0.07,.,.,.,.,.,.,.,.,.,.,.,.,.,.,.,.,.,.,.,.,.,.,.,.,.,.,.,.,.,.,.,.,.,.,.,.,.,.,.,.,.,.,.,.,.,.,.,.,0.03,0.04,.,.,.,0.07
2016,WI,13036,Village of Mt. Horeb - (WI),MISO,4,0.018,.,.,DC,0.009,0.009,.,.,.,0.018,.,.,.,.,.,0,.,.,.,.,.,0,.,.,.,.,.,0,.,.,.,.,.,0,.,.,.,.,.,0,.,.,.,.,.,0,.,.,.,.,.,0,.,.,.,.,.,0,0.009,0.009,0,0,0,0.018
2016,TN,13039,City of Mt Pleasant - (TN),TVA,1,0.01,.,.,AC,0.01,.,.,.,.,0.01,.,.,.,.,.,.,.,.,.,.,.,.,.,.,.,.,.,.,.,.,.,.,.,.,.,.,.,.,.,.,.,.,.,.,.,.,.,.,.,.,.,.,.,.,.,.,.,.,0.01,.,.,.,.,0.01
2016,NV,13073,"Mt Wheeler Power, Inc",NEVP,7,0.023,.,.,AC,0.005,0.014,.,.,.,0.019,.,.,.,.,.,0,0.004,.,.,.,.,0.004,.,.,.,.,.,0,.,.,.,.,.,0,.,.,.,.,.,0,.,.,.,.,.,0,.,.,.,.,.,0,.,.,.,.,.,0,0.009,0.014,0,0,0,0.023
2016,TN,13119,City of Murfreesboro,TVA,14,0.34,.,.,AC,0.06,0.28,.,.,.,0.34,.,.,.,.,.,.,.,.,.,.,.,.,.,.,.,.,.,.,.,.,.,.,.,.,.,.,.,.,.,.,.,.,.,.,.,.,.,.,.,.,.,.,.,.,.,.,.,.,0.06,0.28,.,.,.,0.34
2016,KY,13138,City of Murray - (KY),TVA,5,0.12,.,.,AC,0.01,0.11,.,.,.,0.12,.,.,.,.,.,.,.,.,.,.,.,.,.,.,.,.,.,.,.,.,.,.,.,.,.,.,.,.,.,.,.,.,.,.,.,.,.,.,.,.,.,.,.,.,.,.,.,.,0.01,0.11,.,.,.,0.12
2016,AL,13144,City of Muscle Shoals,TVA,1,0.01,.,.,AC,0.01,.,.,.,.,0.01,.,.,.,.,.,.,.,.,.,.,.,.,.,.,.,.,.,.,.,.,.,.,.,.,.,.,.,.,.,.,.,.,.,.,.,.,.,.,.,.,.,.,.,.,.,.,.,.,0.01,.,.,.,.,0.01
2016,RI,13214,The Narragansett Electric Co,ISNE,1065,15.93,.,.,AC,5.6,8.2,.,.,.,13.8,.,.,.,.,.,0,.,.,.,.,.,0,.,0.4,.,.,.,0.4,.,.,.,.,.,0,.,1.3,.,.,.,1.3,.,0.4,.,.,.,0.4,.,0.03,.,.,.,0.03,.,.,.,.,.,0,5.6,10.33,0,0,0,15.93
2016,TN,13216,Nashville Electric Service,TVA,290,5.943,.,.,AC,1.13,4.808,.,.,.,5.938,.,.,.,.,.,0,.,.,.,.,.,0,.,.,.,.,.,0,.,.,.,.,.,0,.,.,.,.,.,0,.,.,.,.,.,0,.,.,.,.,.,0,.,0.005,.,.,.,0.005,1.13,4.813,0,0,0,5.943
2016,MS,13227,Natchez Trace Elec Power Assn,TVA,5,0.09,.,.,AC,0.04,0.05,.,.,.,0.09,.,.,.,.,.,.,.,.,.,.,.,.,.,.,.,.,.,.,.,.,.,.,.,.,.,.,.,.,.,.,.,.,.,.,.,.,.,.,.,.,.,.,.,.,.,.,.,.,0.04,0.05,.,.,.,0.09
2016,NE,13233,City of Neligh - (NE),SWPP,1,0.5,0,0.5,,.,.,.,.,.,0,.,.,.,.,.,0,.,.,.,.,.,0,.,.,.,.,.,0,.,.,.,.,.,0,.,.,.,.,.,0,.,.,.,.,.,0,.,.,.,.,.,0,.,.,.,.,0.5,0.5,0,0,0,0,0.5,0.5
2016,AZ,13318,"Navopache Electric Coop, Inc",PNM,5,0.4,.,.,AC,0.4,.,.,.,.,0.4,.,.,.,.,.,0,.,.,.,.,.,0,.,.,.,.,.,0,.,.,.,.,.,0,.,.,.,.,.,0,.,.,.,.,.,0,.,.,.,.,.,0,.,.,.,.,.,0,0.4,0,0,0,0,0.4
2016,MS,13412,City of New Albany - (MS),TVA,4,0.06,.,.,AC,0.01,0.05,.,.,.,0.06,.,.,.,.,.,.,.,.,.,.,.,.,.,.,.,.,.,.,.,.,.,.,.,.,.,.,.,.,.,.,.,.,.,.,.,.,.,.,.,.,.,.,.,.,.,.,.,.,0.01,0.05,.,.,.,0.06
2016,WI,13438,Village of New Glarus - (WI),MISO,3,0.011,.,.,DC,0.003,0.008,.,.,.,0.011,.,.,.,.,.,0,.,.,.,.,.,0,.,.,.,.,.,0,.,.,.,.,.,0,.,.,.,.,.,0,.,.,.,.,.,0,.,.,.,.,.,0,.,.,.,.,.,0,0.003,0.008,0,0,0,0.011
2016,WI,13448,City of New Holstein - (WI),MISO,2,0.009,.,.,DC,0.009,.,.,.,.,0.009,.,.,.,.,.,0,.,.,.,.,.,0,.,.,.,.,.,0,.,.,.,.,.,0,.,.,.,.,.,0,.,.,.,.,.,0,.,.,.,.,.,0,.,.,.,.,.,0,0.009,0,0,0,0,0.009
2016,MN,13480,New Prague Utilities Comm,MISO,1,0.556,.,0.556,,.,.,.,.,.,0,.,.,.,.,.,0,.,.,.,.,.,0,.,.,.,.,.,0,.,.,.,.,.,0,.,.,.,.,0.556,0.556,.,.,.,.,.,0,.,.,.,.,.,0,.,.,.,.,.,0,0,0,0,0,0.556,0.556
2016,NY,13511,New York State Elec & Gas Corp,NYIS,44,12.8,.,.,AC,0.01,.,.,.,.,0.01,.,.,.,.,.,0,0.01,0.5,.,.,.,0.51,.,0.82,.,.,.,0.82,.,.,.,.,.,0,.,.,.,.,.,0,.,10.31,.,.,.,10.31,.,.,.,.,.,0,.,1.15,.,.,.,1.15,0.02,12.78,0,0,0,12.8
2016,TN,13550,City of Newport,TVA,26,0.82,.,.,AC,0.07,0.75,.,.,.,0.82,.,.,.,.,.,.,.,.,.,.,.,.,.,.,.,.,.,.,.,.,.,.,.,.,.,.,.,.,.,.,.,.,.,.,.,.,.,.,.,.,.,.,.,.,.,.,.,.,0.07,0.75,.,.,.,0.82
2016,NC,13561,City of Newton - (NC),DUK,2,1.1,1.1,0.7,,.,.,.,.,.,0,.,.,.,.,.,0,.,.,.,.,.,0,.,.,.,.,.,0,.,.,.,.,.,0,.,0.4,0.7,.,.,1.1,.,.,.,.,.,0,.,.,.,.,.,0,.,.,.,.,.,0,0,0.4,0.7,0,0,1.1
2016,VA,13640,Northern Virginia Elec Coop,PJM,6,4.7,.,.,AC,.,0.2,.,.,.,0.2,.,.,.,.,.,0,.,.,.,.,.,0,.,.,.,.,.,0,.,.,.,.,.,0,.,4.5,.,.,.,4.5,.,.,.,.,.,0,.,.,.,.,.,0,.,.,.,.,.,0,0,4.7,0,0,0,4.7
2016,AL,13669,North Alabama Electric Coop,TVA,6,0.6,.,.,AC,0.05,0.05,.,.,.,0.1,.,.,.,.,.,.,.,.,.,.,.,.,.,.,.,.,.,.,.,.,.,.,.,.,.,.,.,.,.,.,.,.,.,.,.,.,.,.,.,.,.,.,.,0.5,.,.,.,0.5,0.05,0.55,.,.,.,0.6
2016,MA,13679,Town of North Attleborough - (MA),ISNE,1,0.299,.,.,AC,.,0.299,.,.,.,0.299,.,.,.,.,.,0,.,.,.,.,.,0,.,.,.,.,.,0,.,.,.,.,.,0,.,.,.,.,.,0,.,.,.,.,.,0,.,.,.,.,.,0,.,.,.,.,.,0,0,0.299,0,0,0,0.299
2016,GA,13716,North Georgia Elec Member Corp,TVA,66,4.91,.,.,AC,0.67,2.61,.,.,.,3.28,.,.,.,.,.,.,.,.,.,.,.,.,.,.,.,.,.,.,.,.,.,.,.,.,.,.,.,.,.,.,.,.,.,.,.,.,.,.,.,.,.,.,.,1.63,.,.,.,1.63,0.67,4.24,.,.,.,4.91
2016,MS,13735,Northcentral Mississippi E P A,TVA,2,0.04,.,.,AC,0.04,.,.,.,.,0.04,.,.,.,.,.,.,.,.,.,.,.,.,.,.,.,.,.,.,.,.,.,.,.,.,.,.,.,.,.,.,.,.,.,.,.,.,.,.,.,.,.,.,.,.,.,.,.,.,0.04,.,.,.,.,0.04
2016,OK,13807,Northwestern Electric Coop Inc - (OK),SWPP,8,2.4,2.4,0.2,,.,.,.,.,.,0,.,.,.,.,.,0,.,.,.,.,.,0,.,.,.,.,.,0,.,.,.,.,.,0,.,2.4,.,.,.,2.4,.,.,.,.,.,0,.,.,.,.,.,0,.,.,.,.,.,0,0,2.4,0,0,0,2.4
2016,TN,13933,City of Oak Ridge,TVA,13,0.42,.,.,AC,0.06,0.36,.,.,.,0.42,.,.,.,.,.,.,.,.,.,.,.,.,.,.,.,.,.,.,.,.,.,.,.,.,.,.,.,.,.,.,.,.,.,.,.,.,.,.,.,.,.,.,.,.,.,.,.,.,0.06,0.36,.,.,.,0.42
2016,WI,13963,Oconomowoc Utilities,MISO,3,0.012,.,.,DC,0.003,0.009,.,.,.,0.012,.,.,.,.,.,0,.,.,.,.,.,0,.,.,.,.,.,0,.,.,.,.,.,0,.,.,.,.,.,0,.,.,.,.,.,0,.,.,.,.,.,0,.,.,.,.,.,0,0.003,0.009,0,0,0,0.012
2016,WI,13964,Oconto Electric Cooperative,MISO,10,1.7,1.7,.,,.,.,.,.,.,0,.,.,.,.,.,0,.,.,.,.,.,0,0.1,.,.,.,.,0.1,.,.,.,.,.,0,1.6,.,.,.,.,1.6,.,.,.,.,.,0,.,.,.,.,.,0,.,.,.,.,.,0,1.7,0,0,0,0,1.7
2016,OH,13998,Ohio Edison Co,PJM,1,0.9,0,0,AC,0,0,0,0,0,0,0,0,0,0,0,0,0,0,0,0,0,0,0,0,0,0,0,0,0,0,0,0,0,0,0,0,0,0,0,0,0,0,0,0,0,0,0,0,0,0,0,0,0,0,0,0,0.9,0.9,0,0,0,0,0.9,0.9
2016,OH,14006,Ohio Power Co,PJM,9,0.413,0,0.132,AC,0.03,0.124,.,.,.,0.154,.,.,.,.,.,0,.,0.011,.,.,.,0.011,.,.,.,.,.,0,.,.,.,.,.,0,.,0.248,.,.,.,0.248,.,.,.,.,.,0,.,.,.,.,.,0,.,.,.,.,.,0,0.03,0.383,0,0,0,0.413
2016,SC,14164,City of Orangeburg - (SC),SCEG,6,2,0,2,,.,.,.,.,.,0,.,.,.,.,.,0,.,.,.,.,.,0,.,.,.,.,.,0,.,.,.,.,.,0,.,.,.,.,.,0,.,.,2,.,.,2,.,.,.,.,.,0,.,.,.,.,.,0,0,0,2,0,0,2
2016,KS,14199,City of Osage City - (KS),SWPP,2,1.6,1.6,1.6,,.,.,.,.,.,0,.,.,.,.,.,0,.,.,.,.,.,0,.,.,.,.,.,0,.,.,.,.,.,0,1.6,.,.,.,.,1.6,.,.,.,.,.,0,.,.,.,.,.,0,.,.,.,.,.,0,1.6,0,0,0,0,1.6
2016,MN,14246,City of Owatonna - (MN),MISO,3,1.3,1,.,DC,.,.,0.1,.,.,0.1,.,.,.,.,.,0,.,.,.,.,.,0,.,.,.,.,.,0,.,.,.,.,.,0,.,.,1.2,.,.,1.2,.,.,.,.,.,0,.,.,.,.,.,0,.,.,.,.,.,0,0,0,1.3,0,0,1.3
2016,MS,14275,City of Oxford - (MS),TVA,1,0.01,.,.,AC,0.01,.,.,.,.,0.01,.,.,.,.,.,.,.,.,.,.,.,.,.,.,.,.,.,.,.,.,.,.,.,.,.,.,.,.,.,.,.,.,.,.,.,.,.,.,.,.,.,.,.,.,.,.,.,.,0.01,.,.,.,.,0.01
2016,AR,14289,Ozarks Electric Coop Corp - (AR),SWPP,260,16.5,16.5,1.65,DC,.,.,.,.,.,0,.,.,.,.,.,0,.,.,.,.,.,0,.,.,.,.,.,0,.,.,.,.,.,0,5.5,5,6,.,.,16.5,.,.,.,.,.,0,.,.,.,.,.,0,.,.,.,.,.,0,5.5,5,6,0,0,16.5
2016,CA,14328,Pacific Gas & Electric Co,CISO,614,119.561,0.45,0,AC,0.03,11.111,32.343,0,9.341,52.825,0.013,1.953,8.644,0,0.096,10.706,0,0.006,0.015,0,0,0.021,0,0,0,0,2.429,2.429,0.161,0.6,3.5,0,0,4.261,0.414,4.903,26.838,0,2.338,34.493,0,1.275,12.701,0,0,13.976,0,0,0,0,0,0,0.1,0.15,0,0,0.6,0.85,0.718,19.998,84.041,0,14.804,119.561
2016,CA,14354,PacifiCorp,PACW,2,0.111,.,.,DC,.,.,.,.,.,0,.,.,.,.,.,0,.,.,.,.,.,0,.,.,.,.,0.036,0.036,.,.,.,.,.,0,.,.,.,.,.,0,.,.,.,.,.,0,.,.,.,.,0.075,0.075,.,.,.,.,.,0,0,0,0,0,0.111,0.111
2016,ID,14354,PacifiCorp,PACE,2,0.8,.,.,DC,.,.,.,.,.,0,.,.,.,.,.,0,.,.,.,.,.,0,.,.,.,.,0.8,0.8,.,.,.,.,.,0,.,.,.,.,.,0,.,.,.,.,.,0,.,.,.,.,.,0,.,.,.,.,.,0,0,0,0,0,0.8,0.8
2016,OR,14354,PacifiCorp,PACW,11,3.41,.,.,DC,.,.,.,.,0.83,0.83,.,.,.,.,.,0,.,.,.,.,.,0,.,.,.,.,1.287,1.287,.,.,.,.,.,0,.,.,.,.,.,0,.,.,.,.,1.013,1.013,.,.,.,.,0.28,0.28,.,.,.,.,.,0,0,0,0,0,3.41,3.41
2016,UT,14354,PacifiCorp,PACE,5,1.941,.,.,DC,.,.,.,.,0.635,0.635,.,.,.,.,.,0,.,.,.,.,.,0,.,.,.,.,1.306,1.306,.,.,.,.,.,0,.,.,.,.,.,0,.,.,.,.,.,0,.,.,.,.,.,0,.,.,.,.,.,0,0,0,0,0,1.941,1.941
2016,WY,14354,PacifiCorp,PACE,7,1.211,.,.,DC,.,.,.,.,0.05,0.05,.,.,.,.,.,0,.,.,.,.,0.86,0.86,.,.,.,.,0.225,0.225,.,.,.,.,.,0,.,.,.,.,.,0,.,.,.,.,.,0,.,.,.,.,0.076,0.076,.,.,.,.,.,0,0,0,0,0,1.211,1.211
2016,SC,14398,Palmetto Electric Coop Inc,SC,9,4.6,2.5,0,DC,.,.,.,.,.,0,.,.,.,.,.,0,.,.,.,.,.,0,.,.,.,.,.,0,.,.,.,.,.,0,.,4.6,.,.,.,4.6,.,.,.,.,.,0,.,.,.,.,.,0,.,.,.,.,.,0,0,4.6,0,0,0,4.6
2016,TN,14455,City of Paris - (TN),TVA,27,0.42,.,.,AC,0.13,0.29,.,.,.,0.42,.,.,.,.,.,.,.,.,.,.,.,.,.,.,.,.,.,.,.,.,.,.,.,.,.,.,.,.,.,.,.,.,.,.,.,.,.,.,.,.,.,.,.,.,.,.,.,.,0.13,0.29,.,.,.,0.42
2016,MN,14468,People's Cooperative Services,MISO,29,4.936,4.936,0,AC,.,.,.,.,.,0,.,.,.,.,.,0,.,.,.,.,.,0,.,.,.,.,.,0,.,.,.,.,.,0,.,4.936,.,.,.,4.936,.,.,.,.,.,0,.,.,.,.,.,0,.,.,.,.,.,0,0,4.936,0,0,0,4.936
2016,MT,14500,Park Electric Coop Inc,NWMT,1,0.025,0,0,AC,0.025,.,.,.,.,0.025,.,.,.,.,.,0,.,.,.,.,.,0,.,.,.,.,.,0,.,.,.,.,.,0,.,.,.,.,.,0,.,.,.,.,.,0,.,.,.,.,.,0,.,.,.,.,.,0,0.025,0,0,0,0,0.025
2016,WA,14653,PUD No 1 of Pend Oreille County,AVA,6,0.8,0,0.8,AC,0,.,.,.,.,0,0,.,.,.,.,0,0,.,.,.,.,0,0.8,.,.,.,.,0.8,0,.,.,.,.,0,0,.,.,.,.,0,0,.,.,.,.,0,0,.,.,.,.,0,0,.,.,.,.,0,0.8,0,0,0,0,0.8
2016,KY,14724,Pennyrile Rural Electric Coop,TVA,48,1.225,.,.,AC,0.378,0.845,.,.,.,1.223,.,.,.,.,.,0,0.002,.,.,.,.,0.002,.,.,.,.,.,0,.,.,.,.,.,0,.,.,.,.,.,0,.,.,.,.,.,0,.,.,.,.,.,0,.,.,.,.,.,0,0.38,0.845,0,0,0,1.225
2016,TN,15016,Pickwick Electric Coop,TVA,2,0.02,.,.,AC,0.02,.,.,.,.,0.02,.,.,.,.,.,.,.,.,.,.,.,.,.,.,.,.,.,.,.,.,.,.,.,.,.,.,.,.,.,.,.,.,.,.,.,.,.,.,.,.,.,.,.,.,.,.,.,.,0.02,.,.,.,.,0.02
2016,NC,15023,Piedmont Electric Member Corp,DUK,41,1.611,0.35,1.075,AC,0.146,0.39,.,.,.,0.536,.,.,.,.,.,0,.,.,.,.,.,0,.,.,.,.,.,0,.,.,.,.,.,0,.,0.35,.,.,0.725,1.075,.,.,.,.,.,0,.,.,.,.,.,0,.,.,.,.,.,0,0.146,0.74,0,0,0.725,1.611
2016,TN,15141,Plateau Electric Cooperative,TVA,3,0.06,.,.,AC,0.01,0.05,.,.,.,0.06,.,.,.,.,.,.,.,.,.,.,.,.,.,.,.,.,.,.,.,.,.,.,.,.,.,.,.,.,.,.,.,.,.,.,.,.,.,.,.,.,.,.,.,.,.,.,.,.,0.01,0.05,.,.,.,0.06
2016,WI,15159,City of Plymouth - (WI),MISO,8,0.816,.,0.136,DC,0.02,0.566,.,.,.,0.586,.,.,.,.,.,0,0.1,.,.,.,.,0.1,.,.,.,.,.,0,.,.,.,.,.,0,.,.,.,.,.,0,.,0.13,.,.,.,0.13,.,.,.,.,.,0,.,.,.,.,.,0,0.12,0.696,0,0,0,0.816
2016,MS,15211,Pontotoc Electric Power Assn,TVA,1,0.999,.,.,AC,.,.,.,.,.,0,.,.,.,.,.,0,.,.,.,.,.,0,.,.,.,.,.,0,.,.,.,.,.,0,.,.,.,.,.,0,.,.,.,.,.,0,.,.,.,.,.,0,.,0.999,.,.,.,0.999,0,0.999,0,0,0,0.999
2016,OR,15248,Portland General Electric Co,PGE,1503,160.754,129.655,5.9,DC,7.274,10.243,.,.,12.429,29.946,.,.,.,.,.,0,.,.,.,.,.,0,.,.,.,.,1.153,1.153,.,.,.,.,.,0,.,.,129.655,.,.,129.655,.,.,.,.,.,0,.,.,.,.,.,0,.,.,.,.,.,0,7.274,10.243,129.655,0,13.582,160.754
2016,IA,15291,Prairie Energy Coop,SWPP,3,0.135,0,0,AC,0.012,.,0.123,.,.,0.135,.,.,.,.,.,0,.,.,.,.,.,0,.,.,.,.,.,0,.,.,.,.,.,0,.,.,.,.,.,0,.,.,.,.,.,0,.,.,.,.,.,0,.,.,.,.,.,0,0.012,0,0.123,0,0,0.135
2016,TN,15293,Powell Valley Electric Coop,TVA,15,0.42,.,.,AC,0.05,0.37,.,.,.,0.42,.,.,.,.,.,0,.,.,.,.,.,0,.,.,.,.,.,0,.,.,.,.,.,0,.,.,.,.,.,0,.,.,.,.,.,0,.,.,.,.,.,0,.,.,.,.,.,0,0.05,0.37,0,0,0,0.42
2016,VA,15293,Powell Valley Electric Coop,TVA,3,0.03,.,.,AC,0.03,.,.,.,.,0.03,.,.,.,.,.,0,.,.,.,.,.,0,.,.,.,.,.,0,.,.,.,.,.,0,.,.,.,.,.,0,.,.,.,.,.,0,.,.,.,.,.,0,.,.,.,.,.,0,0.03,0,0,0,0,0.03
2016,WI,15312,Village of Prairie Du Sac - (WI),MISO,2,0.006,.,.,DC,0.003,0.003,.,.,.,0.006,.,.,.,.,.,0,.,.,.,.,.,0,.,.,.,.,.,0,.,.,.,.,.,0,.,.,.,.,.,0,.,.,.,.,.,0,.,.,.,.,.,0,.,.,.,.,.,0,0.003,0.003,0,0,0,0.006
2016,KS,15321,City of Pratt- (KS),SWPP,4,0.65,.,.,,0.45,.,.,.,.,0.45,.,.,.,.,.,0,.,.,0.2,.,.,0.2,.,.,.,.,.,0,.,.,.,.,.,0,.,.,.,.,.,0,.,.,.,.,.,0,.,.,.,.,.,0,.,.,.,.,.,0,0.45,0,0.2,0,0,0.65
2016,MS,15334,Prentiss County Elec Pwr Assn,TVA,1,0.004,.,.,AC,.,0.004,.,.,.,0.004,.,.,.,.,.,0,.,.,.,.,.,0,.,.,.,.,.,0,.,.,.,.,.,0,.,.,.,.,.,0,.,.,.,.,.,0,.,.,.,.,.,0,.,.,.,.,.,0,0,0.004,0,0,0,0.004
2016,WI,15356,Price Electric Coop Inc,MISO,2,1.1,1.1,.,AC,.,.,.,.,.,0,.,.,.,.,.,0,.,.,.,.,.,0,.,.,.,.,.,0,.,.,.,.,.,0,.,1.1,.,.,.,1.1,.,.,.,.,.,0,.,.,.,.,.,0,.,.,.,.,.,0,0,1.1,0,0,0,1.1
2016,IN,15470,"Duke Energy Indiana, LLC",MISO,13,5.03,.,0.086,AC,.,0.863,.,.,.,0.863,.,0.075,.,.,.,0.075,0.002,.,.,.,.,0.002,.,.,.,.,.,0,.,.,.,.,.,0,.,1.69,.,.,.,1.69,.,.,.,.,.,0,.,.,.,.,.,0,.,.,2.4,.,.,2.4,0.002,2.628,2.4,0,0,5.03
2016,NH,15472,Public Service Co of NH,ISNE,28,13.283,0.8,0,AC,.,.,.,.,.,0,.,.,.,.,.,0,.,.,.,.,.,0,.,1.2,.,.,8.583,9.783,.,0,.,.,0,0,.,1.115,.,.,0.81,1.925,.,0.485,.,.,0,0.485,.,1.09,.,.,0,1.09,.,.,.,.,.,0,0,3.89,0,0,9.393,13.283
2016,NJ,15477,Public Service Elec & Gas Co,PJM,173575,46.69,.,.,AC,0,8.39,0,0,38.3,46.69,0,0,0,0,0,0,0,0,0,0,0,0,0,0,0,0,0,0,0,0,0,0,0,0,0,0,0,0,0,0,0,0,0,0,0,0,0,0,0,0,0,0,0,0,0,0,0,0,0,8.39,0,0,38.3,46.69
2016,WA,15500,Puget Sound Energy Inc,PSEI,11,3.856,.,.,DC,.,0.456,.,.,.,0.456,.,.,.,.,.,0,.,0.108,.,.,.,0.108,.,0.12,.,.,.,0.12,.,.,.,.,.,0,.,3.172,.,.,.,3.172,.,.,.,.,.,0,.,.,.,.,.,0,.,.,.,.,.,0,0,3.856,0,0,0,3.856
2016,TN,15507,City of Pulaski - (TN),TVA,23,2.06,.,.,AC,0.08,1.98,.,.,.,2.06,.,.,.,.,.,.,.,.,.,.,.,.,.,.,.,.,.,.,.,.,.,.,.,.,.,.,.,.,.,.,.,.,.,.,.,.,.,.,.,.,.,.,.,.,.,.,.,.,0.08,1.98,.,.,.,2.06
2016,NC,15671,Randolph Electric Member Corp,CPLE,67,1.286,0,0,,0.045,1.013,.,.,.,1.058,.,.,.,.,.,0,.,.,.,.,.,0,.,.,.,.,.,0,.,.,.,.,.,0,.,0.228,.,.,.,0.228,.,.,.,.,.,0,.,.,.,.,.,0,.,.,.,.,.,0,0.045,1.241,0,0,0,1.286
2016,CA,15783,City of Redding - (CA),BANC,1,0.015,.,.,DC,.,0.015,.,.,.,0.015,.,.,.,.,.,0,.,.,.,.,.,0,.,.,.,.,.,0,.,.,.,.,.,0,.,.,.,.,.,0,.,.,.,.,.,0,.,.,.,.,.,0,.,.,.,.,.,0,0,0.015,0,0,0,0.015
2016,WI,15804,Reedsburg Utility Comm,MISO,2,0.01,.,.,DC,0.01,.,.,.,.,0.01,.,.,.,.,.,0,.,.,.,.,.,0,.,.,.,.,.,0,.,.,.,.,.,0,.,.,.,.,.,0,.,.,.,.,.,0,.,.,.,.,.,0,.,.,.,.,.,0,0.01,0,0,0,0,0.01
2016,WI,16082,City of River Falls,MISO,10,0.048,.,.,DC,0.019,0.029,.,.,.,0.048,.,.,.,.,.,0,.,.,.,.,.,0,.,.,.,.,.,0,.,.,.,.,.,0,.,.,.,.,.,0,.,.,.,.,.,0,.,.,.,.,.,0,.,.,.,.,.,0,0.019,0.029,0,0,0,0.048
2016,CA,16088,City of Riverside - (CA),CISO,6,1.118,.,0.1,AC,.,0.173,.,.,.,0.173,.,.,.,.,.,0,.,.,.,.,.,0,.,.,.,.,.,0,.,.,.,.,.,0,.,0.825,.,.,.,0.825,.,0.12,.,.,.,0.12,.,.,.,.,.,0,.,.,.,.,.,0,0,1.118,0,0,0,1.118
2016,NY,16183,Rochester Gas & Electric Corp,NYIS,17,5.018,.,.,AC,.,.,.,.,.,0,.,.,.,.,.,0,.,.,.,.,.,0,.,.,.,.,.,0,.,.,.,.,.,0,.,.,.,.,.,0,.,5.018,.,.,.,5.018,.,.,.,.,.,0,.,.,.,.,.,0,0,5.018,0,0,0,5.018
2016,SC,16195,City of Rock Hill - (SC),DUK,1,0.8,0.8,0.8,AC,.,.,.,.,.,0,.,.,.,.,.,0,.,.,.,.,.,0,.,.,.,.,.,0,.,.,.,.,.,0,.,0.8,.,.,.,0.8,.,.,.,.,.,0,.,.,.,.,.,0,.,.,.,.,.,0,0,0.8,0,0,0,0.8
2016,TN,16223,City of Rockwood - (TN),TVA,10,0.11,.,.,AC,0.05,0.06,.,.,.,0.11,.,.,.,.,.,.,.,.,.,.,.,.,.,.,.,.,.,.,.,.,.,.,.,.,.,.,.,.,.,.,.,.,.,.,.,.,.,.,.,.,.,.,.,.,.,.,.,.,0.05,0.06,.,.,.,0.11
2016,MN,16368,Runestone Electric Assn,MISO,25,0.38,.,.,DC,0.15,.,.,.,.,0.15,.,.,.,.,.,0,0.23,.,.,.,.,0.23,.,.,.,.,.,0,.,.,.,.,.,0,.,.,.,.,.,0,.,.,.,.,.,0,.,.,.,.,.,0,.,.,.,.,.,0,0.38,0,0,0,0,0.38
2016,KY,16459,City of Russellville - (KY),TVA,1,0.01,.,.,AC,0.01,.,.,.,.,0.01,.,.,.,.,.,.,.,.,.,.,.,.,.,.,.,.,.,.,.,.,.,.,.,.,.,.,.,.,.,.,.,.,.,.,.,.,.,.,.,.,.,.,.,.,.,.,.,.,0.01,.,.,.,.,0.01
2016,CA,16534,Sacramento Municipal Util Dist,BANC,18,4.448,.,1.963,AC,.,1.87,.,.,.,1.87,.,.,.,.,.,0,.,.,.,.,.,0,.,.,.,.,.,0,.,.,.,.,.,0,.,2.578,.,.,.,2.578,.,.,.,.,.,0,.,.,.,.,.,0,.,.,.,.,.,0,0,4.448,0,0,0,4.448
2016,OR,16555,Salem Electric - (OR),BPAT,2,0.375,0.3,0.3,AC,.,0.075,.,.,.,0.075,.,.,.,.,.,0,.,.,.,.,.,0,.,.,.,.,.,0,.,.,.,.,.,0,.,0.3,.,.,.,0.3,.,.,.,.,.,0,.,.,.,.,.,0,.,.,.,.,.,0,0,0.375,0,0,0,0.375
2016,AZ,16572,Salt River Project,SRP,105,26.904,4.7,0.91,AC,.,18.011,4.193,.,.,22.204,.,.,.,.,.,0,.,.,.,.,.,0,.,.,.,.,.,0,.,.,.,.,.,0,.,.,4.7,.,.,4.7,.,.,.,.,.,0,.,.,.,.,.,0,.,.,.,.,.,0,0,18.011,8.893,0,0,26.904
2016,KY,16587,Salt River Electric Coop Corp,PJM,3,2.5,.,2.5,AC,.,.,.,.,.,0,.,.,.,.,.,0,.,.,.,.,.,0,2.5,.,.,.,.,2.5,.,.,.,.,.,0,.,.,.,.,.,0,.,.,.,.,.,0,.,.,.,.,.,0,.,.,.,.,.,0,2.5,0,0,0,0,2.5
2016,CO,16603,"San Luis Valley R E C, Inc",WACM,1,0.4,.,.,AC,.,.,.,.,.,0,.,.,.,.,.,0,.,.,.,.,.,0,.,0.4,.,.,.,0.4,.,.,.,.,.,0,.,.,.,.,.,0,.,.,.,.,.,0,.,.,.,.,.,0,.,.,.,.,.,0,0,0.4,0,0,0,0.4
2016,SC,16606,"Santee Electric Coop, Inc",SC,2,1.2,0,0,AC,.,.,.,.,.,0,.,.,.,.,.,0,.,.,.,.,.,0,.,.,.,.,.,0,.,.,.,.,.,0,.,1.2,.,.,.,1.2,.,.,.,.,.,0,.,.,.,.,.,0,.,.,.,.,.,0,0,1.2,0,0,0,1.2
2016,CA,16609,San Diego Gas & Electric Co,CISO,274,22.66,0,5.1,AC,.,2.27,.,.,.,2.27,0.01,13.16,.,.,.,13.17,.,.,.,.,.,0,.,2,.,.,.,2,.,0.3,.,.,.,0.3,0.01,3.75,.,.,.,3.76,.,.,.,.,.,0,.,.,.,.,.,0,.,1.16,.,.,.,1.16,0.02,22.64,0,0,0,22.66
2016,IA,16611,Access Energy Coop,AECI,50,0.8,0,0.1,,0.62,0.1,.,.,.,0.72,.,.,.,.,.,0,0.08,.,.,.,.,0.08,.,.,.,.,.,0,.,.,.,.,.,0,.,.,.,.,.,0,.,.,.,.,.,0,.,.,.,.,.,0,.,.,.,.,.,0,0.7,0.1,0,0,0,0.8
2016,CO,16616,"San Isabel Electric Assn, Inc",WACM,2,1.13,.,.,AC,.,.,.,.,.,0,.,.,.,.,.,0,.,.,.,.,.,0,.,.,.,.,.,0,.,.,.,.,.,0,1.13,.,.,.,.,1.13,.,.,.,.,.,0,.,.,.,.,.,0,.,.,.,.,.,0,1.13,0,0,0,0,1.13
2016,CO,16622,"San Miguel Power Assn, Inc",WACM,4,2.4,.,.,AC,.,1,.,.,.,1,.,.,.,.,.,0,.,.,.,.,.,0,.,1.4,.,.,.,1.4,.,.,.,.,.,0,.,.,.,.,.,0,.,.,.,.,.,0,.,.,.,.,.,0,.,.,.,.,.,0,0,2.4,0,0,0,2.4
2016,AL,16629,Sand Mountain Electric Coop,TVA,7,0.2,.,.,AC,0.01,0.19,.,.,.,0.2,.,.,.,.,.,.,.,.,.,.,.,.,.,.,.,.,.,.,.,.,.,.,.,.,.,.,.,.,.,.,.,.,.,.,.,.,.,.,.,.,.,.,.,.,.,.,.,.,0.01,0.19,.,.,.,0.2
2016,TX,16638,"San Bernard Electric Coop, Inc",ERCO,5,0.64,0.64,0.64,AC,.,.,.,.,.,0,.,.,.,.,.,0,.,.,.,.,.,0,.,.,.,.,.,0,.,.,.,.,.,0,.,.,.,.,0.64,0.64,.,.,.,.,.,0,.,.,.,.,.,0,.,.,.,.,.,0,0,0,0,0,0.64,0.64
2016,MT,16759,"Sheridan Electric Coop, Inc",SWPP,3,0.2,.,.,,0.1,.,.,.,.,0.1,.,.,.,.,.,0,0.1,.,.,.,.,0.1,.,.,.,.,.,0,.,.,.,.,.,0,.,.,.,.,.,0,.,.,.,.,.,0,.,.,.,.,.,0,.,.,.,.,.,0,0.2,0,0,0,0,0.2
2016,KS,16854,"Heartland Rural Elec Coop, Inc",SWPP,2,1.5,.,1.5,AC,.,.,.,.,.,0,.,.,.,.,.,0,.,.,.,.,.,0,.,.,.,.,.,0,.,.,.,.,.,0,.,.,.,.,1.5,1.5,.,.,.,.,.,0,.,.,.,.,.,0,.,.,.,.,.,0,0,0,0,0,1.5,1.5
2016,WA,16868,City of Seattle - (WA),SCL,1,0.242,.,.,AC,.,0.242,.,.,.,0.242,.,.,.,.,.,0,.,.,.,.,.,0,.,.,.,.,.,0,.,.,.,.,.,0,.,.,.,.,.,0,.,.,.,.,.,0,.,.,.,.,.,0,.,.,.,.,.,0,0,0.242,0,0,0,0.242
2016,TN,16930,Sequachee Valley Electric Coop,TVA,35,0.68,.,.,AC,0.44,0.24,.,.,.,0.68,.,.,.,.,.,.,.,.,.,.,.,.,.,.,.,.,.,.,.,.,.,.,.,.,.,.,.,.,.,.,.,.,.,.,.,.,.,.,.,.,.,.,.,.,.,.,.,.,0.44,0.24,.,.,.,0.68
2016,TN,16949,Sevier County Electric System,TVA,31,0.38,.,.,AC,0.14,0.24,.,.,.,0.38,.,.,.,.,.,.,.,.,.,.,.,.,.,.,.,.,.,.,.,.,.,.,.,.,.,.,.,.,.,.,.,.,.,.,.,.,.,.,.,.,.,.,.,.,.,.,.,.,0.14,0.24,.,.,.,0.38
2016,TX,17008,Sharyland Utilities LP,ERCO,131,1.161,.,.,,0.926,0.108,.,.,.,1.034,.,.,.,.,.,0,0.112,0.015,.,.,.,0.127,.,.,.,.,.,0,.,.,.,.,.,0,.,.,.,.,.,0,.,.,.,.,.,0,.,.,.,.,.,0,.,.,.,.,.,0,1.038,0.123,0,0,0,1.161
2016,AL,17033,Sheffield Utilities,TVA,6,0.07,.,.,AC,0.02,0.05,.,.,.,0.07,.,.,.,.,.,.,.,.,.,.,.,.,.,.,.,.,.,.,.,.,.,.,.,.,.,.,.,.,.,.,.,.,.,.,.,.,.,.,.,.,.,.,.,.,.,.,.,.,0.02,0.05,.,.,.,0.07
2016,NC,17037,City of Shelby - (NC),DUK,1,0.4,0.4,0,,.,.,.,.,.,0,.,.,.,.,.,0,.,.,.,.,.,0,.,.,.,.,.,0,.,.,.,.,.,0,.,0.4,.,.,.,0.4,.,.,.,.,.,0,.,.,.,.,.,0,.,.,.,.,.,0,0,0.4,0,0,0,0.4
2016,OH,17043,City of Shelby - (OH),PJM,1,0.5,.,0.5,,.,.,.,.,.,0,.,.,.,.,.,0,.,.,.,.,.,0,.,.,.,.,.,0,.,.,.,.,.,0,.,.,.,.,0.5,0.5,.,.,.,.,.,0,.,.,.,.,.,0,.,.,.,.,.,0,0,0,0,0,0.5,0.5
2016,TN,17047,City of Shelbyville - (TN),TVA,1,0.05,.,.,AC,.,0.05,.,.,.,0.05,.,.,.,.,.,.,.,.,.,.,.,.,.,.,.,.,.,.,.,.,.,.,.,.,.,.,.,.,.,.,.,.,.,.,.,.,.,.,.,.,.,.,.,.,.,.,.,.,.,0.05,.,.,.,0.05
2016,NV,17166,Sierra Pacific Power Co,NEVP,3,0.437,.,.,AC,.,.,.,.,.,0,.,.,.,.,.,0,.,.,.,.,.,0,.,0.437,.,.,.,0.437,.,.,.,.,.,0,.,.,.,.,.,0,.,.,.,.,.,0,.,.,.,.,.,0,.,.,.,.,.,0,0,0.437,0,0,0,0.437
2016,MS,17252,Singing River Elec Pwr Assn,MISO,21,0.213,0,0,,0.101,0.102,.,.,.,0.203,.,.,.,.,.,0,.,.,.,.,.,0,.,.,.,.,.,0,.,.,.,.,.,0,.,0.01,.,.,.,0.01,.,.,.,.,.,0,.,.,.,.,.,0,.,.,.,.,.,0,0.101,0.112,0,0,0,0.213
2016,IA,17260,North West Rural Electric Coop,SWPP,46,9.473,9.473,.,AC,.,.,.,.,.,0,.,.,.,.,.,0,.,.,.,.,.,0,.,.,.,.,.,0,.,.,.,.,.,0,.,9.473,.,.,.,9.473,.,.,.,.,.,0,.,.,.,.,.,0,.,.,.,.,.,0,0,9.473,0,0,0,9.473
2016,MN,17267,Sioux Valley SW Elec Coop,SWPP,1,0.75,0,0,DC,.,.,.,.,.,0,.,.,.,.,.,0,.,0.75,.,.,.,0.75,.,.,.,.,.,0,.,.,.,.,.,0,.,.,.,.,.,0,.,.,.,.,.,0,.,.,.,.,.,0,.,.,.,.,.,0,0,0.75,0,0,0,0.75
2016,SD,17267,Sioux Valley SW Elec Coop,SWPP,4,0.046,0,0.024,DC,0.02,0.024,.,.,.,0.044,.,.,.,.,.,0,0.002,.,.,.,.,0.002,.,.,.,.,.,0,.,.,.,.,.,0,.,.,.,.,.,0,.,.,.,.,.,0,.,.,.,.,.,0,.,.,.,.,.,0,0.022,0.024,0,0,0,0.046
2016,TN,17452,City of Smithville - (TN),TVA,1,0.02,.,.,AC,.,0.02,.,.,.,0.02,.,.,.,.,.,.,.,.,.,.,.,.,.,.,.,.,.,.,.,.,.,.,.,.,.,.,.,.,.,.,.,.,.,.,.,.,.,.,.,.,.,.,.,.,.,.,.,.,.,0.02,.,.,.,0.02
2016,SC,17539,South Carolina Electric&Gas Company,SCEG,80,3.774,.,.,AC,0.056,2.218,1,.,0.5,3.774,.,.,.,.,.,0,.,.,.,.,.,0,.,.,.,.,.,0,.,.,.,.,.,0,.,.,.,.,.,0,.,.,.,.,.,0,.,.,.,.,.,0,.,.,.,.,.,0,0.056,2.218,1,0,0.5,3.774
2016,SC,17543,South Carolina Public Service Authority,SC,3,1.5,1.5,1.5,AC,.,.,.,.,.,0,.,.,.,.,.,0,.,.,.,.,.,0,.,.,.,.,.,0,.,.,.,.,.,0,.,1.5,.,.,.,1.5,.,.,.,.,.,0,.,.,.,.,.,0,.,.,.,.,.,0,0,1.5,0,0,0,1.5
2016,MN,17550,South Central Electric Assn,MISO,1,0.035,.,.,AC,.,.,.,.,.,0,.,.,.,.,.,0,0.035,.,.,.,.,0.035,.,.,.,.,.,0,.,.,.,.,.,0,.,.,.,.,.,0,.,.,.,.,.,0,.,.,.,.,.,0,.,.,.,.,.,0,0.035,0,0,0,0,0.035
2016,TX,17561,South Plains Electric Coop Inc,ERCO,34,0.4,.,.,,.,.,.,.,.,0,.,.,.,.,.,0,0.3,.,.,.,.,0.3,.,.,.,.,.,0,.,.,.,.,.,0,.,.,.,.,.,0,.,.,.,.,.,0,.,.,.,.,.,0,0.09,0.01,.,.,.,0.1,0.39,0.01,0,0,0,0.4
2016,CA,17609,Southern California Edison Co,CISO,494,128.327,20.744,2.731,AC,.,26.934,.,.,10.856,37.79,.,13.781,.,.,.,13.781,.,0.45,.,.,.,0.45,.,0.25,.,.,3.758,4.008,.,2.44,.,.,0.225,2.665,.,45.539,.,.,.,45.539,.,21.039,.,.,0.65,21.689,.,.,.,.,.,0,.,2.405,.,.,.,2.405,0,112.838,0,0,15.489,128.327
2016,TN,17694,Southwest Tennessee E M C,TVA,19,0.4,.,.,AC,0.07,0.33,.,.,.,0.4,.,.,.,.,.,.,.,.,.,.,.,.,.,.,.,.,.,.,.,.,.,.,.,.,.,.,.,.,.,.,.,.,.,.,.,.,.,.,.,.,.,.,.,.,.,.,.,.,0.07,0.33,.,.,.,0.4
2016,IL,17697,Southwestern Electric Coop Inc - (IL),MISO,36,0.684,0,0,,0.671,.,.,.,.,0.671,.,.,.,.,.,0,0.013,.,.,.,.,0.013,.,.,.,.,.,0,.,.,.,.,.,0,.,.,.,.,.,0,.,.,.,.,.,0,.,.,.,.,.,0,.,.,.,.,.,0,0.684,0,0,0,0,0.684
2016,LA,17698,Southwestern Electric Power Co,SWPP,27,0.192,0,0,AC,0.19,0.002,0,0,0,0.192,0,0,0,0,0,0,0,0,0,0,0,0,0,0,0,0,0,0,0,0,0,0,0,0,0,0,0,0,0,0,0,0,0,0,0,0,0,0,0,0,0,0,0,0,0,0,0,0,0.19,0.002,0,0,0,0.192
2016,TN,17740,City of Sparta,TVA,1,0.02,.,.,AC,0.02,.,.,.,.,0.02,.,.,.,.,.,.,.,.,.,.,.,.,.,.,.,.,.,.,.,.,.,.,.,.,.,.,.,.,.,.,.,.,.,.,.,.,.,.,.,.,.,.,.,.,.,.,.,.,0.02,.,.,.,.,0.02
2016,TN,17829,City of Springfield - (TN),TVA,3,0.06,.,.,AC,0.01,0.05,.,.,.,0.06,.,.,.,.,.,.,.,.,.,.,.,.,.,.,.,.,.,.,.,.,.,.,.,.,.,.,.,.,.,.,.,.,.,.,.,.,.,.,.,.,.,.,.,.,.,.,.,.,0.01,0.05,.,.,.,0.06
2016,UT,17845,City of Springville - (UT),PACE,3,1,0,1,AC,.,.,.,.,.,0,.,.,.,.,.,0,.,.,.,.,.,0,.,.,.,.,1,1,.,.,.,.,.,0,.,.,.,.,.,0,.,.,.,.,.,0,.,.,.,.,.,0,.,.,.,.,.,0,0,0,0,0,1,1
2016,CA,17896,City of Shasta Lake - (CA),BANC,33,1.1,.,.,,0.25,.,.,.,.,0.25,.,.,.,.,.,0,.,.,.,.,.,0,.,.,.,.,.,0,.,.,.,.,.,0,.,.,.,.,.,0,.,.,.,.,.,0,.,.,.,.,.,0,.,.,0.85,.,.,0.85,0.25,0,0.85,0,0,1.1
2016,MS,18006,City of Starkville,TVA,4,0.3,.,.,AC,.,0.3,.,.,.,0.3,.,.,.,.,.,.,.,.,.,.,.,.,.,.,.,.,.,.,.,.,.,.,.,.,.,.,.,.,.,.,.,.,.,.,.,.,.,.,.,.,.,.,.,.,.,.,.,.,.,0.3,.,.,.,0.3
2016,NC,18022,City of Statesville - (NC),DUK,2,0.6,0.4,0,,.,0.2,.,.,.,0.2,.,.,.,.,.,0,.,.,.,.,.,0,.,.,.,.,.,0,.,.,.,.,.,0,.,0.4,.,.,.,0.4,.,.,.,.,.,0,.,.,.,.,.,0,.,.,.,.,.,0,0,0.6,0,0,0,0.6
2016,MN,18047,Steele-Waseca Cooperative Electric,MISO,25,3.35,3.35,.,AC,.,.,.,.,.,0,.,.,.,.,.,0,.,.,.,.,.,0,.,.,.,.,.,0,.,.,.,.,.,0,0.625,2.725,0,.,.,3.35,.,.,.,.,.,0,.,.,.,.,.,0,.,.,.,.,.,0,0.625,2.725,0,0,0,3.35
2016,WI,18181,City of Stoughton - (WI),MISO,10,0.052,.,0.007,DC,0.045,0.007,.,.,.,0.052,.,.,.,.,.,0,.,.,.,.,.,0,.,.,.,.,.,0,.,.,.,.,.,0,.,.,.,.,.,0,.,.,.,.,.,0,.,.,.,.,.,0,.,.,.,.,.,0,0.045,0.007,0,0,0,0.052
2016,AL,18203,Tallapoosa River Elec Coop Inc,AEC,8,0.071,0,0,,0.071,.,.,.,.,0.071,.,.,.,.,.,0,.,.,.,.,.,0,.,.,.,.,.,0,.,.,.,.,.,0,.,.,.,.,.,0,.,.,.,.,.,0,.,.,.,.,.,0,.,.,.,.,.,0,0.071,0,0,0,0,0.071
2016,WI,18249,City of Sturgeon Bay - (WI),MISO,8,0.027,.,.,DC,0.021,0.006,.,.,.,0.027,.,.,.,.,.,0,.,.,.,.,.,0,.,.,.,.,.,0,.,.,.,.,.,0,.,.,.,.,.,0,.,.,.,.,.,0,.,.,.,.,.,0,.,.,.,.,.,0,0.021,0.006,0,0,0,0.027
2016,GA,18305,Sumter Electric Member Corp,SEPA,2,1.825,0,1.825,AC,.,.,.,.,.,0,.,.,.,.,.,0,.,.,.,.,.,0,.,.,.,.,.,0,.,.,.,.,.,0,.,1.825,.,.,.,1.825,.,.,.,.,.,0,.,.,.,.,.,0,.,.,.,.,.,0,0,1.825,0,0,0,1.825
2016,WI,18312,Sun Prairie Utilities,MISO,6,0.07,.,.,DC,0.011,0.059,.,.,.,0.07,.,.,.,.,.,0,.,.,.,.,.,0,.,.,.,.,.,0,.,.,.,.,.,0,.,.,.,.,.,0,.,.,.,.,.,0,.,.,.,.,.,0,.,.,.,.,.,0,0.011,0.059,0,0,0,0.07
2016,NE,18330,City of Superior - (NE),SWPP,5,1.3,1.3,0.85,AC,.,.,.,.,.,0,.,.,.,.,.,0,.,.,.,.,.,0,.,.,.,.,.,0,.,.,.,.,.,0,.,1.3,.,.,.,1.3,.,.,.,.,.,0,.,.,.,.,.,0,.,.,.,.,.,0,0,1.3,0,0,0,1.3
2016,NC,18339,Surry-Yadkin Elec Member Corp,DUK,20,0.322,.,.,,0.252,.,.,.,.,0.252,.,.,.,.,.,0,.,.,.,.,.,0,.,.,.,.,.,0,.,.,.,.,.,0,.,.,.,.,.,0,0.07,.,.,.,.,0.07,.,.,.,.,.,0,.,.,.,.,.,0,0.322,0,0,0,0,0.322
2016,TN,18384,City of Sweetwater,TVA,9,0.24,.,.,AC,0.09,0.15,.,.,.,0.24,.,.,.,.,.,.,.,.,.,.,.,.,.,.,.,.,.,.,.,.,.,.,.,.,.,.,.,.,.,.,.,.,.,.,.,.,.,.,.,.,.,.,.,.,.,.,.,.,0.09,0.15,.,.,.,0.24
2016,MS,18447,Tallahatchie Valley E P A,TVA,4,0.05,.,.,AC,0.02,0.03,.,.,.,0.05,.,.,.,.,.,.,.,.,.,.,.,.,.,.,.,.,.,.,.,.,.,.,.,.,.,.,.,.,.,.,.,.,.,.,.,.,.,.,.,.,.,.,.,.,.,.,.,.,0.02,0.03,.,.,.,0.05
2016,AL,18472,City of Tarrant,TVA,1,0.05,.,.,AC,.,0.05,.,.,.,0.05,.,.,.,.,.,.,.,.,.,.,.,.,.,.,.,.,.,.,.,.,.,.,.,.,.,.,.,.,.,.,.,.,.,.,.,.,.,.,.,.,.,.,.,.,.,.,.,.,.,0.05,.,.,.,0.05
2016,TN,18643,Tennessee Valley Electric Coop,TVA,9,0.07,.,.,AC,0.05,0.02,.,.,.,0.07,.,.,.,.,.,.,.,.,.,.,.,.,.,.,.,.,.,.,.,.,.,.,.,.,.,.,.,.,.,.,.,.,.,.,.,.,.,.,.,.,.,.,.,.,.,.,.,.,0.05,0.02,.,.,.,0.07
2016,IN,18940,Tipmont Rural Elec Member Corp,MISO,1,0.072,.,.,AC,0.072,.,.,.,.,0.072,.,.,.,.,.,0,.,.,.,.,.,0,.,.,.,.,.,0,.,.,.,.,.,0,.,.,.,.,.,0,.,.,.,.,.,0,.,.,.,.,.,0,.,.,.,.,.,0,0.072,0,0,0,0,0.072
2016,IN,18942,Tipton Municipal Electric Util,MISO,1,0.065,.,.,,.,0.065,.,.,.,0.065,.,.,.,.,.,0,.,.,.,.,.,0,.,.,.,.,.,0,.,.,.,.,.,0,.,.,.,.,.,0,.,.,.,.,.,0,.,.,.,.,.,0,.,.,.,.,.,0,0,0.065,0,0,0,0.065
2016,MS,18943,Tippah Electric Power Assn,TVA,1,0.002,.,.,AC,0.002,.,.,.,.,0.002,.,.,.,.,.,0,.,.,.,.,.,0,.,.,.,.,.,0,.,.,.,.,.,0,.,.,.,.,.,0,.,.,.,.,.,0,.,.,.,.,.,0,.,.,.,.,.,0,0.002,0,0,0,0,0.002
2016,NC,18957,Tri-County Elec Member Corp,CPLE,7,0.034,.,.,,0.034,.,.,.,.,0.034,.,.,.,.,.,0,.,.,.,.,.,0,.,.,.,.,.,0,.,.,.,.,.,0,.,.,.,.,.,0,.,.,.,.,.,0,.,.,.,.,.,0,.,.,.,.,.,0,0.034,0,0,0,0,0.034
2016,MS,19007,Tombigbee Electric Power Assn,TVA,6,0.03,.,.,AC,0.03,.,.,.,.,0.03,.,.,.,.,.,.,.,.,.,.,.,.,.,.,.,.,.,.,.,.,.,.,.,.,.,.,.,.,.,.,.,.,.,.,.,.,.,.,.,.,.,.,.,.,.,.,.,.,0.03,.,.,.,.,0.03
2016,GA,19154,Tri-State Electric Member Corp,TVA,35,0.89,.,.,AC,0.37,0.52,.,.,.,0.89,.,.,.,.,.,.,.,.,.,.,.,.,.,.,.,.,.,.,.,.,.,.,.,.,.,.,.,.,.,.,.,.,.,.,.,.,.,.,.,.,.,.,.,.,.,.,.,.,0.37,0.52,.,.,.,0.89
2016,NC,19154,Tri-State Electric Member Corp,TVA,5,0.04,.,.,AC,0.04,.,.,.,.,0.04,.,.,.,.,.,.,.,.,.,.,.,.,.,.,.,.,.,.,.,.,.,.,.,.,.,.,.,.,.,.,.,.,.,.,.,.,.,.,.,.,.,.,.,.,.,.,.,.,0.04,.,.,.,.,0.04
2016,TN,19154,Tri-State Electric Member Corp,TVA,8,0.15,.,.,AC,0.06,0.09,.,.,.,0.15,.,.,.,.,.,.,.,.,.,.,.,.,.,.,.,.,.,.,.,.,.,.,.,.,.,.,.,.,.,.,.,.,.,.,.,.,.,.,.,.,.,.,.,.,.,.,.,.,0.06,0.09,.,.,.,0.15
2016,MN,19157,Tri-County Electric Coop,MISO,34,3.779,0,0.546,AC,.,0.246,.,.,.,0.246,.,.,.,.,.,0,.,0.18,.,.,.,0.18,.,.,.,.,.,0,.,.,.,.,.,0,3.053,0.3,.,.,.,3.353,.,.,.,.,.,0,.,.,.,.,.,0,.,.,.,.,.,0,3.053,0.726,0,0,0,3.779
2016,KY,19162,Tri-County Elec Member Corp,TVA,11,0.09,.,.,AC,0.05,0.04,.,.,.,0.09,.,.,.,.,.,.,.,.,.,.,.,.,.,.,.,.,.,.,.,.,.,.,.,.,.,.,.,.,.,.,.,.,.,.,.,.,.,.,.,.,.,.,.,.,.,.,.,.,0.05,0.04,.,.,.,0.09
2016,TN,19162,Tri-County Elec Member Corp,TVA,6,0.04,.,.,AC,0.03,0.01,.,.,.,0.04,.,.,.,.,.,.,.,.,.,.,.,.,.,.,.,.,.,.,.,.,.,.,.,.,.,.,.,.,.,.,.,.,.,.,.,.,.,.,.,.,.,.,.,.,.,.,.,.,0.03,0.01,.,.,.,0.04
2016,AZ,19189,Trico Electric Cooperative Inc,WALC,4,0.811,.,0.2,DC,.,0.811,.,.,.,0.811,.,.,.,.,.,0,.,.,.,.,.,0,.,.,.,.,.,0,.,.,.,.,.,0,.,.,.,.,.,0,.,.,.,.,.,0,.,.,.,.,.,0,.,.,.,.,.,0,0,0.811,0,0,0,0.811
2016,TN,19266,Tullahoma Board-Public Utils,TVA,4,0.07,.,.,AC,0.02,0.05,.,.,.,0.07,.,.,.,.,.,.,.,.,.,.,.,.,.,.,.,.,.,.,.,.,.,.,.,.,.,.,.,.,.,.,.,.,.,.,.,.,.,.,.,.,.,.,.,.,.,.,.,.,0.02,0.05,.,.,.,0.07
2016,MS,19273,City of Tupelo - (MS),TVA,2,0.05,.,.,AC,.,0.05,.,.,.,0.05,.,.,.,.,.,.,.,.,.,.,.,.,.,.,.,.,.,.,.,.,.,.,.,.,.,.,.,.,.,.,.,.,.,.,.,.,.,.,.,.,.,.,.,.,.,.,.,.,.,0.05,.,.,.,0.05
2016,SD,19293,Southeastern Electric Coop Inc - (SD),SWPP,402,16.29,9.66,0.945,AC,.,.,.,.,.,0,.,.,.,.,.,0,.,.,.,.,.,0,.,.,.,.,.,0,.,.,.,.,.,0,7.5,8.79,.,.,.,16.29,.,.,.,.,.,0,.,.,.,.,.,0,.,.,.,.,.,0,7.5,8.79,0,0,0,16.29
2016,AL,19307,City of Tuscumbia,TVA,2,0.007,.,.,AC,0.004,0.003,.,.,.,0.007,.,.,.,.,.,0,.,.,.,.,.,0,.,.,.,.,.,0,.,.,.,.,.,0,.,.,.,.,.,0,.,.,.,.,.,0,.,.,.,.,.,0,.,.,.,.,.,0,0.004,0.003,0,0,0,0.007
2016,WI,19324,Two Rivers Water & Light,MISO,3,0.014,.,.,DC,0.014,.,.,.,.,0.014,.,.,.,.,.,0,.,.,.,.,.,0,.,.,.,.,.,0,.,.,.,.,.,0,.,.,.,.,.,0,.,.,.,.,.,0,.,.,.,.,.,0,.,.,.,.,.,0,0.014,0,0,0,0,0.014
2016,OR,19325,Umatilla Electric Coop Assn,BPAT,2,1.057,0,1.057,AC,.,.,0.999,.,0.058,1.057,.,.,.,.,.,0,.,.,.,.,.,0,.,.,.,.,.,0,.,.,.,.,.,0,.,.,.,.,.,0,.,.,.,.,.,0,.,.,.,.,.,0,.,.,.,.,.,0,0,0,0.999,0,0.058,1.057
2016,TN,19430,City of Union City,TVA,2,0.01,.,.,AC,0.01,.,.,.,.,0.01,.,.,.,.,.,.,.,.,.,.,.,.,.,.,.,.,.,.,.,.,.,.,.,.,.,.,.,.,.,.,.,.,.,.,.,.,.,.,.,.,.,.,.,.,.,.,.,.,0.01,.,.,.,.,0.01
2016,IA,19437,Western Iowa Power Coop,SWPP,3,0.444,0,0,DC,.,.,.,.,0.444,0.444,.,.,.,.,.,0,.,.,.,.,.,0,.,.,.,.,.,0,.,.,.,.,.,0,.,.,.,.,.,0,.,.,.,.,.,0,.,.,.,.,.,0,.,.,.,.,.,0,0,0,0,0,0.444,0.444
2016,TX,19490,United Electric Coop Service Inc - (TX),ERCO,1,0.232,.,.,DC,.,0.232,.,.,.,0.232,.,.,.,.,.,0,.,.,.,.,.,0,.,.,.,.,.,0,.,.,.,.,.,0,.,.,.,.,.,0,.,.,.,.,.,0,.,.,.,.,.,0,.,.,.,.,.,0,0,0.232,0,0,0,0.232
2016,CT,19497,United Illuminating Co,ISNE,99,10.93,.,.,AC,0.001,1.316,.,.,.,1.317,.,.,.,.,.,0,.,0.03,.,.,.,0.03,.,.,.,.,.,0,.,1.25,.,.,.,1.25,.,.,.,.,.,0,.,.,.,.,.,0,.,.,.,.,.,0,0.001,8.332,.,.,.,8.333,0.002,10.928,0,0,0,10.93
2016,HI,19547,Hawaiian Electric Co Inc,HECO,373,68.177,.,.,AC,0.054,67.3,.,.,.,67.354,.,0.68,.,.,.,0.68,.,0.005,.,.,.,0.005,.,.,.,.,.,0,.,.,.,.,.,0,.,0.12,.,.,.,0.12,.,.,.,.,.,0,.,.,.,.,.,0,.,0.018,.,.,.,0.018,0.054,68.123,0,0,0,68.177
2016,TN,19574,Upper Cumberland E M C,TVA,30,0.35,.,.,AC,0.16,0.18,.,.,.,0.34,.,.,.,.,.,.,0.01,.,.,.,.,0.01,.,.,.,.,.,.,.,.,.,.,.,.,.,.,.,.,.,.,.,.,.,.,.,.,.,.,.,.,.,.,.,.,.,.,.,.,0.17,0.18,.,.,.,0.35
2016,ND,19687,City of Valley City,SWPP,15,4.1,4.1,2.15,,.,.,.,.,.,0,.,.,.,.,.,0,.,.,.,.,.,0,.,.,.,.,.,0,.,.,.,.,.,0,.,4.1,.,.,.,4.1,.,.,.,.,.,0,.,.,.,.,.,0,.,.,.,.,.,0,0,4.1,0,0,0,4.1
2016,WI,19813,Vernon Electric Coop,MISO,1,0.31,0,0,AC,0.31,.,.,.,.,0.31,.,.,.,.,.,0,.,.,.,.,.,0,.,.,.,.,.,0,.,.,.,.,.,0,.,.,.,.,.,0,.,.,.,.,.,0,.,.,.,.,.,0,.,.,.,.,.,0,0.31,0,0,0,0,0.31
2016,NC,19876,Virginia Electric & Power Co,PJM,1,0.066,0,0.066,AC,.,.,.,.,.,0,.,.,.,.,.,0,.,0.066,.,.,.,0.066,.,.,.,.,.,0,.,.,.,.,.,0,.,.,.,.,.,0,.,.,.,.,.,0,.,.,.,.,.,0,.,.,.,.,.,0,0,0.066,0,0,0,0.066
2016,VA,19876,Virginia Electric & Power Co,PJM,8,3.068,0,2.808,AC,.,.,.,.,2.808,2.808,.,.,.,.,.,0,.,.,.,.,.,0,.,.,.,.,0.26,0.26,.,.,.,.,.,0,.,.,.,.,.,0,.,.,.,.,.,0,.,.,.,.,.,0,.,.,.,.,.,0,0,0,0,0,3.068,3.068
2016,TN,19898,Volunteer Electric Coop,TVA,160,2.737,.,.,AC,1.758,0.979,.,.,.,2.737,.,.,.,.,.,0,.,.,.,.,.,0,.,.,.,.,.,0,.,.,.,.,.,0,.,.,.,.,.,0,.,.,.,.,.,0,.,.,.,.,.,0,.,.,.,.,.,0,1.758,0.979,0,0,0,2.737
2016,MN,19947,City of Wadena - (MN),MISO,8,1.55,0.75,0.8,AC,.,.,.,.,.,0,.,.,.,.,.,0,.,.,.,.,.,0,.,.,.,.,.,0,.,.,.,.,.,0,.,0.2,1.35,.,.,1.55,.,.,.,.,.,0,.,.,.,.,.,0,.,.,.,.,.,0,0,0.2,1.35,0,0,1.55
2016,KY,20130,Warren Rural Elec Coop Corp,TVA,86,4.478,.,.,AC,0.499,2.96,.,.,.,3.459,.,.,.,.,.,0,0.02,.,.,.,.,0.02,.,.,.,.,.,0,.,.,.,.,.,0,.,.,.,.,.,0,.,.,.,.,.,0,.,.,.,.,.,0,.,0.999,.,.,.,0.999,0.519,3.959,0,0,0,4.478
2016,WI,20182,Waterloo Light & Water Comm,MISO,1,0.003,.,0.003,DC,.,0.003,.,.,.,0.003,.,.,.,.,.,0,.,.,.,.,.,0,.,.,.,.,.,0,.,.,.,.,.,0,.,.,.,.,.,0,.,.,.,.,.,0,.,.,.,.,.,0,.,.,.,.,.,0,0,0.003,0,0,0,0.003
2016,SD,20187,Watertown Municipal Utilities,SWPP,2,0.14,0,0,,.,0.04,.,.,.,0.04,.,.,.,.,.,0,.,0.1,.,.,.,0.1,.,.,.,.,.,0,.,.,.,.,.,0,.,.,.,.,.,0,.,.,.,.,.,0,.,.,.,.,.,0,.,.,.,.,.,0,0,0.14,0,0,0,0.14
2016,WI,20213,Waupun Utilities,MISO,1,0.006,.,0.006,,.,0.006,.,.,.,0.006,.,.,.,.,.,0,.,.,.,.,.,0,.,.,.,.,.,0,.,.,.,.,.,0,.,.,.,.,.,0,.,.,.,.,.,0,.,.,.,.,.,0,.,.,.,.,.,0,0,0.006,0,0,0,0.006
2016,TN,20228,Weakley County Mun Elec Sys,TVA,8,0.21,.,.,AC,0.06,.,.,.,.,0.06,.,.,.,.,.,.,.,.,.,.,.,.,.,.,.,.,.,.,.,.,.,.,.,.,.,.,.,.,.,.,.,.,.,.,.,.,.,.,.,.,.,.,.,0.15,.,.,.,0.15,0.06,0.15,.,.,.,0.21
2016,KY,20377,West Kentucky Rural E C C,TVA,108,2.69,.,.,AC,0.69,2,.,.,.,2.69,.,.,.,.,.,.,.,.,.,.,.,.,.,.,.,.,.,.,.,.,.,.,.,.,.,.,.,.,.,.,.,.,.,.,.,.,.,.,.,.,.,.,.,.,.,.,.,.,0.69,2,.,.,.,2.69
2016,TX,20404,AEP Texas North Company,ERCO,221,1.928,0,0.01,,0.77,0.809,.,.,.,1.579,.,.,.,.,.,0,0.104,0.245,.,.,.,0.349,.,.,.,.,.,0,.,.,.,.,.,0,.,.,.,.,.,0,.,.,.,.,.,0,.,.,.,.,.,0,.,.,.,.,.,0,0.874,1.054,0,0,0,1.928
2016,SD,20422,Whetstone Valley Elec Coop Inc,SWPP,2,0.04,.,.,,0.04,.,.,.,.,0.04,.,.,.,.,.,0,.,.,.,.,.,0,.,.,.,.,.,0,.,.,.,.,.,0,.,.,.,.,.,0,.,.,.,.,.,0,.,.,.,.,.,0,.,.,.,.,.,0,0.04,0,0,0,0,0.04
2016,MA,20455,Western Massachusetts Electric Company,ISNE,45,5.736,.,.,AC,0.069,1.345,.,.,.,1.414,.,.,.,.,.,0,.,.,.,.,.,0,.,.,0.29,.,.,0.29,.,.,.,.,.,0,.,1.65,.,.,.,1.65,.,0.461,0.641,.,.,1.102,.,.,0.224,.,.,0.224,.,1.056,.,.,.,1.056,0.069,4.512,1.155,0,0,5.736
2016,MA,20481,City of Westfield - (MA),ISNE,24,0.341,0,0,,0.123,0.218,.,.,.,0.341,.,.,.,.,.,0,.,.,.,.,.,0,.,.,.,.,.,0,.,.,.,.,.,0,.,.,.,.,.,0,.,.,.,.,.,0,.,.,.,.,.,0,.,.,.,.,.,0,0.123,0.218,0,0,0,0.341
2016,TN,20793,City of Winchester - (TN),TVA,2,0.06,.,.,AC,.,0.06,.,.,.,0.06,.,.,.,.,.,.,.,.,.,.,.,.,.,.,.,.,.,.,.,.,.,.,.,.,.,.,.,.,.,.,.,.,.,.,.,.,.,.,.,.,.,.,.,.,.,.,.,.,.,0.06,.,.,.,0.06
2016,MI,20847,Wisconsin Electric Power Co,MISO,1,0.003,0,0,DC,0.003,0,0,0,0,0.003,0,0,0,0,0,0,0,0,0,0,0,0,0,0,0,0,0,0,0,0,0,0,0,0,0,0,0,0,0,0,0,0,0,0,0,0,0,0,0,0,0,0,0,0,0,0,0,0,0.003,0,0,0,0,0.003
2016,WI,20847,Wisconsin Electric Power Co,MISO,146,5.833,0,0,DC,0.278,0.061,1.716,0,0,2.055,0,0,0,0,0,0,0,0,0.316,0,0,0.316,0,0,1.203,0,0,1.203,0,0,0,0,0,0,0,0,1.728,0,0,1.728,0,0,0.031,0,0,0.031,0,0,0,0,0,0,0,0,0.5,0,0,0.5,0.278,0.061,5.494,0,0,5.833
2016,WI,20856,Wisconsin Power & Light Co,MISO,150,11.734,.,0.332,AC,0.477,1.31,0.574,.,.,2.361,.,.,0.03,.,.,0.03,.,0.221,0.195,.,.,0.416,.,3.091,.,.,.,3.091,.,.,.,.,.,0,.,.,0.5,.,.,0.5,.,.,.,.,.,0,.,.,.,.,.,0,.,1.243,4.093,.,.,5.336,0.477,5.865,5.392,0,0,11.734
2016,WI,20858,WPPI Energy,MISO,6,3.2,0.6,0,,.,.,.,.,.,.,.,.,.,.,.,.,.,.,.,.,.,.,.,.,.,.,.,.,.,.,.,.,.,.,.,.,3.2,.,.,3.2,.,.,.,.,.,.,.,.,.,.,.,.,.,.,.,.,.,.,.,.,3.2,.,.,3.2
2016,FL,20885,Withlacoochee River Elec Coop,SEC,17,11.3,.,.,DC,.,.,.,.,.,0,.,.,.,.,.,0,.,.,.,.,.,0,.,.,.,.,.,0,.,.,.,.,.,0,.,11.3,.,.,.,11.3,.,.,.,.,.,0,.,.,.,.,.,0,.,.,.,.,.,0,0,11.3,0,0,0,11.3
2016,MN,20996,Wright-Hennepin Coop Elec Assn,MISO,20,6.529,6.05,.,AC,.,.,.,.,.,0,.,.,.,.,.,0,.,.,.,.,.,0,0.24,0.239,.,.,.,0.479,.,.,.,.,.,0,.,6.05,.,.,.,6.05,.,.,.,.,.,0,.,.,.,.,.,0,.,.,.,.,.,0,0.24,6.289,0,0,0,6.529
2016,SC,21002,York Electric Coop Inc,DUK,7,6.5,.,.,AC,.,.,.,.,.,0,.,.,.,.,.,0,.,.,.,.,.,0,.,.,.,.,.,0,.,.,.,.,.,0,6.5,.,.,.,.,6.5,.,.,.,.,.,0,.,.,.,.,.,0,.,.,.,.,.,0,6.5,0,0,0,0,6.5
2016,NC,21632,EnergyUnited Elec Member Corp,DUK,34,5.772,1,1,DC,0.097,0.475,.,.,1,1.572,.,.,.,.,.,0,.,.,.,.,.,0,.,.,.,.,.,0,.,.,.,.,.,0,.,.,.,.,1,1,.,.,.,.,.,0,.,.,.,.,.,0,.,.,.,.,3.2,3.2,0.097,0.475,0,0,5.2,5.772
2016,KS,22500,Westar Energy Inc,SWPP,18,0.07,.,.,AC,0.007,0.017,.,.,.,0.024,.,.,.,.,.,0,0.045,0.001,.,.,.,0.046,.,.,.,.,.,0,.,.,.,.,.,0,.,.,.,.,.,0,.,.,.,.,.,0,.,.,.,.,.,0,.,.,.,.,.,0,0.052,0.018,0,0,0,0.07
2016,MS,22815,Delta Electric Power Assn,MISO,1,0.1,.,0.1,,.,0.1,.,.,.,0.1,.,.,.,.,.,0,.,.,.,.,.,0,.,.,.,.,.,0,.,.,.,.,.,0,.,.,.,.,.,0,.,.,.,.,.,0,.,.,.,.,.,0,.,.,.,.,.,0,0,0.1,0,0,0,0.1
2016,KS,23826,Bluestem Electric Coop Inc,SWPP,4,0.3,.,.,AC,.,.,.,.,.,0,.,.,.,.,.,0,.,0.3,.,.,.,0.3,.,.,.,.,.,0,.,.,.,.,.,0,.,.,.,.,.,0,.,.,.,.,.,0,.,.,.,.,.,0,.,.,.,.,.,0,0,0.3,0,0,0,0.3
2016,AZ,24211,Tucson Electric Power Co,TEPC,7,1.72,1.62,0,DC,.,.,.,.,.,0,.,.,.,.,.,0,.,.,.,.,.,0,.,.,.,.,.,0,.,.,.,.,.,0,.,.,.,.,.,0,.,.,1.72,.,.,1.72,.,.,.,.,.,0,.,.,.,.,.,0,0,0,1.72,0,0,1.72
2016,NH,24590,Unitil Energy Systems,ISNE,2,0.064,.,.,AC,0.004,.,.,.,.,0.004,.,.,.,.,.,0,.,.,.,.,.,0,.,.,.,.,.,0,.,.,.,.,.,0,.,.,.,.,.,0,.,.,0.06,.,.,0.06,.,.,.,.,.,0,.,.,.,.,.,0,0.004,0,0.06,0,0,0.064
2016,NC,24889,Brunswick Electric Member Corp,CPLE,53,0.666,.,0.023,AC,0.376,0.12,.,.,.,0.496,.,.,.,.,.,0,.,.,.,.,.,0,.,.,.,.,.,0,.,.,.,.,.,0,.,.,.,.,.,0,.,.,.,.,.,0,.,.,.,.,.,0,.,0.17,.,.,.,0.17,0.376,0.29,0,0,0,0.666
2016,ND,24949,Cass County Elec Coop Inc,MISO,1,0.9,.,.,DC,.,.,.,.,.,0,.,.,.,.,.,0,.,.,.,.,.,0,.,.,.,.,.,0,.,.,.,.,.,0,.,0.9,.,.,.,0.9,.,.,.,.,.,0,.,.,.,.,.,0,.,.,.,.,.,0,0,0.9,0,0,0,0.9
2016,AK,26616,North Slope Borough Power & Light,,33,22.5,0,22.5,,.,.,.,.,.,0,.,.,.,.,.,0,.,.,.,.,.,0,.,.,.,.,.,0,.,.,.,.,.,0,11.25,11.25,.,.,.,22.5,.,.,.,.,.,0,.,.,.,.,.,0,.,.,.,.,.,0,11.25,11.25,0,0,0,22.5
2016,IA,26765,Pella Cooperative Elec Assn,MISO,10,0.02,.,.,,0.02,.,.,.,.,0.02,.,.,.,.,.,0,.,.,.,.,.,0,.,.,.,.,.,0,.,.,.,.,.,0,.,.,.,.,.,0,.,.,.,.,.,0,.,.,.,.,.,0,.,.,.,.,.,0,0.02,0,0,0,0,0.02
2016,VT,27316,Town of Stowe- (VT),ISNE,2,1,.,1,AC,.,.,.,.,.,0,.,.,.,.,.,0,.,.,.,.,.,0,.,.,.,.,.,0,.,.,.,.,.,0,.,1,.,.,.,1,.,.,.,.,.,0,.,.,.,.,.,0,.,.,.,.,.,0,0,1,0,0,0,1
2016,IN,27599,Carroll-White REMC,MISO,16,0.9,0.9,0.002,AC,0.4,.,.,.,.,0.4,.,.,.,.,.,0,.,.,.,.,.,0,.,.,.,.,.,0,.,.,.,.,.,0,.,0.5,.,.,.,0.5,.,.,.,.,.,0,.,.,.,.,.,0,.,.,.,.,.,0,0.4,0.5,0,0,0,0.9
2016,AL,30517,"Pioneer Electric Coop, Inc - (AL)",AEC,1,0.006,0,0,AC,0.006,.,.,.,.,0.006,.,.,.,.,.,0,.,.,.,.,.,0,.,.,.,.,.,0,.,.,.,.,.,0,.,.,.,.,.,0,.,.,.,.,.,0,.,.,.,.,.,0,.,.,.,.,.,0,0.006,0,0,0,0,0.006
2016,TX,40051,Texas-New Mexico Power Co,ERCO,209,1.185,0,0,,0.921,0.19,.,.,.,1.111,.,.,.,.,.,0,0.027,0.047,.,.,.,0.074,.,.,.,.,.,0,.,.,.,.,.,0,.,.,.,.,.,0,.,.,.,.,.,0,.,.,.,.,.,0,.,.,.,.,.,0,0.948,0.237,0,0,0,1.185
2016,TN,40166,"Chickasaw Electric Coop, Inc",TVA,10,0.1,.,.,AC,0.1,.,.,.,.,0.1,.,.,.,.,.,.,.,.,.,.,.,.,.,.,.,.,.,.,.,.,.,.,.,.,.,.,.,.,.,.,.,.,.,.,.,.,.,.,.,.,.,.,.,.,.,.,.,.,0.1,.,.,.,.,0.1
2016,VA,40228,Rappahannock Electric Coop,PJM,3,2.4,0.8,0,AC,.,.,.,.,.,0,.,.,.,.,.,0,.,.,.,.,.,0,.,1.6,.,.,.,1.6,.,.,.,.,.,0,.,0.8,.,.,.,0.8,.,.,.,.,.,0,.,.,.,.,.,0,.,.,.,.,.,0,0,2.4,0,0,0,2.4
2016,TN,40236,"Forked Deer Electric Coop, Inc",TVA,4,0.01,.,.,AC,0.01,.,.,.,.,0.01,.,.,.,.,.,.,.,.,.,.,.,.,.,.,.,.,.,.,.,.,.,.,.,.,.,.,.,.,.,.,.,.,.,.,.,.,.,.,.,.,.,.,.,.,.,.,.,.,0.01,.,.,.,.,0.01
2016,MS,40302,North East Mississippi EPA,TVA,4,0.02,.,.,AC,0.02,.,.,.,.,0.02,.,.,.,.,.,.,.,.,.,.,.,.,.,.,.,.,.,.,.,.,.,.,.,.,.,.,.,.,.,.,.,.,.,.,.,.,.,.,.,.,.,.,.,.,.,.,.,.,0.02,.,.,.,.,0.02
2016,MS,40303,Monroe County Elec Power Assn,TVA,2,0.02,.,.,AC,0.02,.,.,.,.,0.02,.,.,.,.,.,.,.,.,.,.,.,.,.,.,.,.,.,.,.,.,.,.,.,.,.,.,.,.,.,.,.,.,.,.,.,.,.,.,.,.,.,.,.,.,.,.,.,.,0.02,.,.,.,.,0.02
2016,KY,40305,Hickman-Fulton Counties RECC,TVA,17,0.16,.,.,AC,0.1,0.06,.,.,.,0.16,.,.,.,.,.,.,.,.,.,.,.,.,.,.,.,.,.,.,.,.,.,.,.,.,.,.,.,.,.,.,.,.,.,.,.,.,.,.,.,.,.,.,.,.,.,.,.,.,0.1,0.06,.,.,.,0.16
2016,TN,40305,Hickman-Fulton Counties RECC,TVA,2,0.02,.,.,AC,0.01,0.01,.,.,.,0.02,.,.,.,.,.,.,.,.,.,.,.,.,.,.,.,.,.,.,.,.,.,.,.,.,.,.,.,.,.,.,.,.,.,.,.,.,.,.,.,.,.,.,.,.,.,.,.,.,0.01,0.01,.,.,.,0.02
2016,OR,40437,Emerald People's Utility Dist,BPAT,5,0.367,.,.,DC,0.082,.,0.045,.,.,0.127,.,.,.,.,.,0,.,.,.,.,.,0,.,.,.,.,.,0,.,.,.,.,.,0,.,.,.,.,.,0,.,.,.,.,.,0,.,.,.,.,.,0,.,.,0.24,.,.,0.24,0.082,0,0.285,0,0,0.367
2016,NC,40441,Town of Murphy - (NC),TVA,5,0.05,.,.,AC,0.05,.,.,.,.,0.05,.,.,.,.,.,.,.,.,.,.,.,.,.,.,.,.,.,.,.,.,.,.,.,.,.,.,.,.,.,.,.,.,.,.,.,.,.,.,.,.,.,.,.,.,.,.,.,.,0.05,.,.,.,.,0.05
2016,IA,49986,Southwest Iowa Rural Elec Coop,MISO,4,0.034,.,.,,0.018,0.016,.,.,.,0.034,.,.,.,.,.,0,.,.,.,.,.,0,.,.,.,.,.,0,.,.,.,.,.,0,.,.,.,.,.,0,.,.,.,.,.,0,.,.,.,.,.,0,.,.,.,.,.,0,0.018,0.016,0,0,0,0.034
2016,MA,54913,NSTAR Electric Company,ISNE,106,15.89,.,.,AC,.,.,.,.,.,0,.,.,.,.,.,0,.,.,.,.,.,0,.,0.2,.,.,.,0.2,.,0.4,0.2,.,.,0.6,0.18,12.334,2.501,.,.,15.015,.,.,.,.,.,0,.,0.075,.,.,.,0.075,.,.,.,.,.,0,0.18,13.009,2.701,0,0,15.89
2016,IL,56697,Ameren Illinois Company,MISO,57,5.614,.,.,AC,.,2.352,0.137,.,.,2.489,.,.,.,.,.,0,.,2.375,.,.,.,2.375,.,.,.,.,.,0,.,.,.,.,.,0,.,.,.,.,.,0,.,.,.,.,.,0,.,.,.,.,.,0,.,.,0.75,.,.,0.75,0,4.727,0.887,0,0,5.614
2016,IN,59505,Heartland REMC,PJM,16,6.51,.,.,,0.089,.,.,.,.,0.089,.,.,.,.,.,0,0.021,.,.,.,.,0.021,.,.,.,.,.,0,.,.,.,.,.,0,.,.,.,.,.,0,.,.,6.4,.,.,6.4,.,.,.,.,.,0,.,.,.,.,.,0,0.11,0,6.4,0,0,6.51
2016,CA,60715,Port of Oakland,CISO,1,0.75,.,0.75,AC,.,0.75,.,.,.,0.75,.,.,.,.,.,0,.,.,.,.,.,0,.,.,.,.,.,0,.,.,.,.,.,0,.,.,.,.,.,0,.,.,.,.,.,0,.,.,.,.,.,0,.,.,.,.,.,0,0,0.75,0,0,0,0.75
"Note: Data includes distributed generators less than 1 MW capacity, not net metered, and not reported on the EIA-860.
Data is reported as collected. EIA converts from DC to AC by multiplying by 0.8256.
Type refers to the nature of the PV system reporting. EIA uses the type reported from Net Metering unless they informed us otherwise. All non AC units are converted to AC when summed.
Generators may be installed at or near a customer's site, or at other locations. They may be owned by either the customers of the distribution utility or the utility.
Other generators includes generators for which technology is not specified. Number of generators is not available by individual technology type.
Some utilities reclassified net metering as non net metering distributed, or vice versa.
Some utilties were double counting net metering as distributed in previous years.
Source: U.S. Energy Information Administration, Form EIA-861, 'Annual Electric Power Industry Report.'",,,,,,,,,,,,,,,,,,,,,,,,,,,,,,,,,,,,,,,,,,,,,,,,,,,,,,,,,,,,,,,,,,,,,
